{"resources": [{"id": "1c3521420c5344358a39e921293b9395", "crn": "crn:v1:bluemix:public:resource-controller::a/6a9b18b8d05a4b6392a8c9ef9a064505::resource-group:1c3521420c5344358a39e921293b9395", "account_id": "6a9b18b8d05a4b6392a8c9ef9a064505", "name": "dev", "state": "ACTIVE", "default": false, "quota_id": "a3d7b8d01e261c24677937c29ab33f3c", "quota_url": "/v2/quota_definitions/a3d7b8d01e261c24677937c29ab33f3c", "created_at": "2024-12-11T07:14:08.478Z", "created_by": "IBMid-694000F4NY", "updated_at": "2024-12-11T07:14:08.479Z", "updated_by": "IBMid-694000F4NY"}, {"id": "3042af920bb7428fb5e60fbb2250fe5c", "crn": "crn:v1:bluemix:public:resource-controller::a/6a9b18b8d05a4b6392a8c9ef9a064505::resource-group:3042af920bb7428fb5e60fbb2250fe5c", "account_id": "6a9b18b8d05a4b6392a8c9ef9a064505", "name": "qe-ai", "state": "ACTIVE", "default": false, "quota_id": "a3d7b8d01e261c24677937c29ab33f3c", "quota_url": "/v2/quota_definitions/a3d7b8d01e261c24677937c29ab33f3c", "created_at": "2025-01-09T06:48:32.063Z", "created_by": "IBMid-694000F4NY", "updated_at": "2025-01-09T06:48:32.063Z", "updated_by": "IBMid-694000F4NY"}, {"id": "440f9fd09cbd4b23b8608992aed6df58", "crn": "crn:v1:bluemix:public:resource-controller::a/6a9b18b8d05a4b6392a8c9ef9a064505::resource-group:440f9fd09cbd4b23b8608992aed6df58", "account_id": "6a9b18b8d05a4b6392a8c9ef9a064505", "name": "qe", "state": "ACTIVE", "default": false, "quota_id": "a3d7b8d01e261c24677937c29ab33f3c", "quota_url": "/v2/quota_definitions/a3d7b8d01e261c24677937c29ab33f3c", "created_at": "2024-12-11T07:12:11.770Z", "created_by": "IBMid-694000F4NY", "updated_at": "2024-12-11T07:12:11.770Z", "updated_by": "IBMid-694000F4NY"}, {"id": "81d9c29cde264a6ebabc9ee0acc1d2ec", "crn": "crn:v1:bluemix:public:resource-controller::a/6a9b18b8d05a4b6392a8c9ef9a064505::resource-group:81d9c29cde264a6ebabc9ee0acc1d2ec", "account_id": "6a9b18b8d05a4b6392a8c9ef9a064505", "name": "SPS for ceph-qe-qa", "state": "ACTIVE", "default": false, "quota_id": "a3d7b8d01e261c24677937c29ab33f3c", "quota_url": "/v2/quota_definitions/a3d7b8d01e261c24677937c29ab33f3c", "created_at": "2025-01-10T13:27:39.348Z", "created_by": "IBMid-694000F4NY", "updated_at": "2025-01-10T13:27:39.348Z", "updated_by": "IBMid-694000F4NY"}, {"id": "ac8ec2e036494e92b8b1218fc67afe67", "crn": "crn:v1:bluemix:public:resource-controller::a/6a9b18b8d05a4b6392a8c9ef9a064505::resource-group:ac8ec2e036494e92b8b1218fc67afe67", "account_id": "6a9b18b8d05a4b6392a8c9ef9a064505", "name": "cloud_admins", "state": "ACTIVE", "default": false, "quota_id": "a3d7b8d01e261c24677937c29ab33f3c", "quota_url": "/v2/quota_definitions/a3d7b8d01e261c24677937c29ab33f3c", "created_at": "2024-11-29T00:03:58.316Z", "created_by": "IBMid-694000F4NY", "updated_at": "2024-11-29T00:03:58.316Z", "updated_by": "IBMid-694000F4NY"}, {"id": "ccbcb96952b9428d9017510127b2bbd5", "crn": "crn:v1:bluemix:public:resource-controller::a/6a9b18b8d05a4b6392a8c9ef9a064505::resource-group:ccbcb96952b9428d9017510127b2bbd5", "account_id": "6a9b18b8d05a4b6392a8c9ef9a064505", "name": "Default", "state": "ACTIVE", "default": true, "quota_id": "a3d7b8d01e261c24677937c29ab33f3c", "quota_url": "/v2/quota_definitions/a3d7b8d01e261c24677937c29ab33f3c", "created_at": "2024-11-27T11:03:10.517Z", "created_by": "iam-ServiceId-41fced36-37cf-47bf-826f-4602d3c035fa", "updated_at": "2024-11-28T15:38:12.878Z", "updated_by": "iam-ServiceId-41fced36-37cf-47bf-826f-4602d3c035fa"}]}