{"pricing_country": "USA", "currency_code": "USD", "billing_country": "USA", "resources": [{"resource_id": "is.volume", "billable_cost": 0.12785824638888885, "billable_rated_cost": 0.1967049944444444, "non_billable_cost": 0, "non_billable_rated_cost": 0, "plans": [{"plan_id": "4579dbd3-80bb-43dc-a645-ba3b03335cc9", "billable": true, "pricing_plan_id": "billable:v4:4579dbd3-80bb-43dc-a645-ba3b03335cc9:us-south:1740787200000:", "pricing_region": "us-south", "cost": 0.12785824638888885, "rated_cost": 0.1967049944444444, "usage": [{"metric": "GIGABYTE_HOURS", "unit": "GIGABYTE_HOUR", "price": [{"unitQuantity": "1", "tier_model": "Linear Tier", "price": 0.00011495, "quantity_tier": "1"}], "additional_properties": {}, "quantity": 1711.2222222222217, "rateable_quantity": 1711.2222222222217, "cost": 0.12785824638888885, "rated_cost": 0.1967049944444444, "discounts": [{"name": "Discount for all Infrastructure and Platform Services", "display_name": "Discount for all Infrastructure and Platform Services", "ref": "Discount-cb910aa9-883f-44cb-a4f7-21deb14a6356", "discount": 35}]}], "discounts": [{"ref": "Discount-cb910aa9-883f-44cb-a4f7-21deb14a6356", "name": "Discount for all Infrastructure and Platform Services", "display_name": "Discount for all Infrastructure and Platform Services", "discount": 35}]}], "discounts": [{"ref": "Discount-cb910aa9-883f-44cb-a4f7-21deb14a6356", "name": "Discount for all Infrastructure and Platform Services", "display_name": "Discount for all Infrastructure and Platform Services", "discount": 35}]}, {"resource_id": "is.instance", "billable_cost": 0.34339827685908464, "billable_rated_cost": 1.7169913842954232, "non_billable_cost": 0, "non_billable_rated_cost": 0, "plans": [{"plan_id": "a736a57f-0584-474f-8411-55dc7d9dc811", "billable": true, "pricing_plan_id": "billable:v4:a736a57f-0584-474f-8411-55dc7d9dc811:us-south:1740787200000:", "pricing_region": "us-south", "cost": 0.34339827685908464, "rated_cost": 1.7169913842954232, "usage": [{"metric": "MEMORY_HOURS", "unit": "GIGABYTE_HOURS", "price": [{"unitQuantity": "450", "tier_model": "Linear Tier", "price": 1.9855, "quantity_tier": "1"}], "additional_properties": {}, "quantity": 17.109894722222222, "rateable_quantity": 17.109894722222222, "cost": 0.15381521162425218, "rated_cost": 0.7690760581212609, "discounts": [{"name": "is.instance Discount", "display_name": "is.instance Discount", "ref": "Discount-dd5cfe9c-fdc8-4e03-96ae-233a1fc3ebcb", "discount": 80}]}, {"metric": "VCPU_HOURS", "unit": "VIRTUAL_PROCESSOR_CORE_HOURS", "price": [{"unitQuantity": "63", "tier_model": "Linear Tier", "price": 1.74515, "quantity_tier": "1"}], "additional_properties": {}, "quantity": 17.109894722222222, "rateable_quantity": 17.109894722222222, "cost": 0.18958306523483248, "rated_cost": 0.9479153261741624, "discounts": [{"name": "is.instance Discount", "display_name": "is.instance Discount", "ref": "Discount-dd5cfe9c-fdc8-4e03-96ae-233a1fc3ebcb", "discount": 80}]}], "discounts": [{"ref": "Discount-dd5cfe9c-fdc8-4e03-96ae-233a1fc3ebcb", "name": "is.instance Discount", "display_name": "is.instance Discount", "discount": 80}]}], "discounts": [{"ref": "Discount-dd5cfe9c-fdc8-4e03-96ae-233a1fc3ebcb", "name": "is.instance Discount", "display_name": "is.instance Discount", "discount": 80}]}], "currency_rate": 1, "account_id": "6a9b18b8d05a4b6392a8c9ef9a064505", "resource_group_id": "3042af920bb7428fb5e60fbb2250fe5c", "month": "2025-03"}