{"pricing_country": "USA", "currency_code": "USD", "billing_country": "USA", "resources": [{"resource_id": "is.vpc", "billable_cost": 0.05909475, "billable_rated_cost": 0.090915, "non_billable_cost": 0, "non_billable_rated_cost": 0, "plans": [{"plan_id": "5c6f17b8-1be9-4ae8-a328-afbfe41b02f8", "billable": true, "pricing_plan_id": "billable:v4:5c6f17b8-1be9-4ae8-a328-afbfe41b02f8:us-south:1740787200000:", "pricing_region": "us-south", "cost": 0.05909475, "rated_cost": 0.090915, "usage": [{"metric": "GIGABYTE_TRANSMITTED_OUTBOUNDS", "unit": "GIGABYTE_TRANSMITTED_OUTBOUND", "price": [{"unitQuantity": "1", "tier_model": "Graduated Tier (Step Tier)", "price": 0.090915, "quantity_tier": "9995"}, {"unitQuantity": "1", "tier_model": "Graduated Tier (Step Tier)", "price": 0.086735, "quantity_tier": "49995"}, {"unitQuantity": "1", "tier_model": "Graduated Tier (Step Tier)", "price": 0.07315, "quantity_tier": "149995"}, {"unitQuantity": "1", "tier_model": "Graduated Tier (Step Tier)", "price": 0.05225, "quantity_tier": "99999999999999"}], "additional_properties": {}, "quantity": 0.00010143, "rateable_quantity": 1, "cost": 0.05909475, "rated_cost": 0.090915, "discounts": [{"name": "Discount for all Infrastructure and Platform Services", "display_name": "Discount for all Infrastructure and Platform Services", "ref": "Discount-cb910aa9-883f-44cb-a4f7-21deb14a6356", "discount": 35}]}], "discounts": [{"ref": "Discount-cb910aa9-883f-44cb-a4f7-21deb14a6356", "name": "Discount for all Infrastructure and Platform Services", "display_name": "Discount for all Infrastructure and Platform Services", "discount": 35}]}], "discounts": [{"ref": "Discount-cb910aa9-883f-44cb-a4f7-21deb14a6356", "name": "Discount for all Infrastructure and Platform Services", "display_name": "Discount for all Infrastructure and Platform Services", "discount": 35}]}, {"resource_id": "is.floating-ip", "billable_cost": 2.717, "billable_rated_cost": 4.18, "non_billable_cost": 0, "non_billable_rated_cost": 0, "plans": [{"plan_id": "74a80442-144f-488f-85ee-f81150ff0169", "billable": true, "pricing_plan_id": "billable:v4:74a80442-144f-488f-85ee-f81150ff0169:us-south:1740787200000:", "pricing_region": "us-south", "cost": 2.717, "rated_cost": 4.18, "usage": [{"metric": "INSTANCES", "unit": "INSTANCE", "price": [{"unitQuantity": "1", "tier_model": "Linear Tier", "price": 1.045, "quantity_tier": "1"}], "additional_properties": {}, "quantity": 4, "rateable_quantity": 4, "cost": 2.717, "rated_cost": 4.18, "discounts": [{"name": "Discount for all Infrastructure and Platform Services", "display_name": "Discount for all Infrastructure and Platform Services", "ref": "Discount-cb910aa9-883f-44cb-a4f7-21deb14a6356", "discount": 35}]}], "discounts": [{"ref": "Discount-cb910aa9-883f-44cb-a4f7-21deb14a6356", "name": "Discount for all Infrastructure and Platform Services", "display_name": "Discount for all Infrastructure and Platform Services", "discount": 35}]}], "discounts": [{"ref": "Discount-cb910aa9-883f-44cb-a4f7-21deb14a6356", "name": "Discount for all Infrastructure and Platform Services", "display_name": "Discount for all Infrastructure and Platform Services", "discount": 35}]}, {"resource_id": "is.endpoint-gateway", "billable_cost": 0, "billable_rated_cost": 0, "non_billable_cost": 0, "non_billable_rated_cost": 0, "plans": [{"plan_id": "0dbb9b85-89fa-44f6-ae82-d6a01e3a5ac1", "billable": true, "pricing_plan_id": "billable:v4:0dbb9b85-89fa-44f6-ae82-d6a01e3a5ac1:us-south:1483228800000:", "pricing_region": "us-south", "cost": 0, "rated_cost": 0, "usage": [{"metric": "INSTANCE_HOUR", "unit": "INSTANCE_HOUR", "price": [], "additional_properties": {}, "quantity": 151, "rateable_quantity": 151, "cost": 0, "rated_cost": 0, "discounts": []}], "discounts": []}], "discounts": []}, {"resource_id": "is.volume", "billable_cost": 0.35408000396618056, "billable_rated_cost": 0.5447384676402778, "non_billable_cost": 0, "non_billable_rated_cost": 0, "plans": [{"plan_id": "4579dbd3-80bb-43dc-a645-ba3b03335cc9", "billable": true, "pricing_plan_id": "billable:v4:4579dbd3-80bb-43dc-a645-ba3b03335cc9:us-south:1740787200000:", "pricing_region": "us-south", "cost": 0.35408000396618056, "rated_cost": 0.5447384676402778, "usage": [{"metric": "GIGABYTE_HOURS", "unit": "GIGABYTE_HOUR", "price": [{"unitQuantity": "1", "tier_model": "Linear Tier", "price": 0.00011495, "quantity_tier": "1"}], "additional_properties": {}, "quantity": 4738.916638888889, "rateable_quantity": 4738.916638888889, "cost": 0.35408000396618056, "rated_cost": 0.5447384676402778, "discounts": [{"name": "Discount for all Infrastructure and Platform Services", "display_name": "Discount for all Infrastructure and Platform Services", "ref": "Discount-cb910aa9-883f-44cb-a4f7-21deb14a6356", "discount": 35}]}], "discounts": [{"ref": "Discount-cb910aa9-883f-44cb-a4f7-21deb14a6356", "name": "Discount for all Infrastructure and Platform Services", "display_name": "Discount for all Infrastructure and Platform Services", "discount": 35}]}], "discounts": [{"ref": "Discount-cb910aa9-883f-44cb-a4f7-21deb14a6356", "name": "Discount for all Infrastructure and Platform Services", "display_name": "Discount for all Infrastructure and Platform Services", "discount": 35}]}, {"resource_id": "is.instance", "billable_cost": 0.9499637917652876, "billable_rated_cost": 6.358956914937549, "non_billable_cost": 0, "non_billable_rated_cost": 0, "plans": [{"plan_id": "a736a57f-0584-474f-8411-55dc7d9dc811", "billable": true, "pricing_plan_id": "billable:v4:a736a57f-0584-474f-8411-55dc7d9dc811:us-south:1740787200000:", "pricing_region": "us-south", "cost": 0.9499637917652876, "rated_cost": 6.358956914937549, "usage": [{"metric": "MEMORY_HOURS", "unit": "GIGABYTE_HOURS", "price": [{"unitQuantity": "450", "tier_model": "Linear Tier", "price": 1.9855, "quantity_tier": "1"}], "additional_properties": {}, "quantity": 47.332154999999986, "rateable_quantity": 47.332154999999986, "cost": 0.4255084882843353, "rated_cost": 2.1275424414216766, "discounts": [{"name": "is.instance Discount", "display_name": "is.instance Discount", "ref": "Discount-dd5cfe9c-fdc8-4e03-96ae-233a1fc3ebcb", "discount": 80}]}, {"metric": "VCPU_HOURS", "unit": "VIRTUAL_PROCESSOR_CORE_HOURS", "price": [{"unitQuantity": "63", "tier_model": "Linear Tier", "price": 1.74515, "quantity_tier": "1"}], "additional_properties": {}, "quantity": 47.332154999999986, "rateable_quantity": 47.332154999999986, "cost": 0.5244553034809523, "rated_cost": 2.6222765174047615, "discounts": [{"name": "is.instance Discount", "display_name": "is.instance Discount", "ref": "Discount-dd5cfe9c-fdc8-4e03-96ae-233a1fc3ebcb", "discount": 80}]}, {"metric": "REDHAT_VCPU_HOURS", "unit": "REDHAT_VCPU_HOURS", "price": [{"unitQuantity": "1", "tier_model": "Simple Tier", "price": 0.017, "quantity_tier": "8"}, {"unitQuantity": "1", "tier_model": "Simple Tier", "price": 0.011, "quantity_tier": "127"}, {"unitQuantity": "1", "tier_model": "Simple Tier", "price": 0.009, "quantity_tier": "10000"}], "additional_properties": {}, "quantity": 94.65517388888887, "rateable_quantity": 94.65517388888887, "cost": 0, "rated_cost": 1.6091379561111108, "discounts": [{"name": "part-is.redhatOS Discount", "display_name": "part-is.redhatOS Discount", "ref": "Discount-ab6f03630ca5f8d5411126816700d9b3", "discount": 100}]}], "discounts": [{"ref": "Discount-dd5cfe9c-fdc8-4e03-96ae-233a1fc3ebcb", "name": "is.instance Discount", "display_name": "is.instance Discount", "discount": 80}, {"ref": "Discount-ab6f03630ca5f8d5411126816700d9b3", "name": "part-is.redhatOS Discount", "display_name": "part-is.redhatOS Discount", "discount": 100}]}], "discounts": [{"ref": "Discount-dd5cfe9c-fdc8-4e03-96ae-233a1fc3ebcb", "name": "is.instance Discount", "display_name": "is.instance Discount", "discount": 80}, {"ref": "Discount-ab6f03630ca5f8d5411126816700d9b3", "name": "part-is.redhatOS Discount", "display_name": "part-is.redhatOS Discount", "discount": 100}]}], "currency_rate": 1, "account_id": "6a9b18b8d05a4b6392a8c9ef9a064505", "resource_group_id": "440f9fd09cbd4b23b8608992aed6df58", "month": "2025-03"}