{"pricing_country": "USA", "currency_code": "USD", "billing_country": "USA", "resources": [{"resource_id": "is.endpoint-gateway", "billable_cost": 0, "billable_rated_cost": 0, "non_billable_cost": 0, "non_billable_rated_cost": 0, "plans": [{"plan_id": "0dbb9b85-89fa-44f6-ae82-d6a01e3a5ac1", "billable": true, "pricing_plan_id": "billable:v4:0dbb9b85-89fa-44f6-ae82-d6a01e3a5ac1:us-south:1483228800000:", "pricing_region": "us-south", "cost": 0, "rated_cost": 0, "usage": [{"metric": "GIGABYTE_TRANSMITTED", "unit": "GIGABYTE_TRANSMITTED", "price": [], "additional_properties": {}, "quantity": 13.983546956, "rateable_quantity": 13.983546956, "cost": 0, "rated_cost": 0, "discounts": []}, {"metric": "INSTANCE_HOUR", "unit": "INSTANCE_HOUR", "price": [], "additional_properties": {}, "quantity": 906, "rateable_quantity": 906, "cost": 0, "rated_cost": 0, "discounts": []}], "discounts": []}], "discounts": []}, {"resource_id": "59b735ee-5938-4ebd-a6b2-541aef2d1f68", "billable_cost": 0.3566316, "billable_rated_cost": 0.548664, "non_billable_cost": 0, "non_billable_rated_cost": 0, "plans": [{"plan_id": "16b2196f-13ee-414b-bf80-7ac1ec7b8850", "billable": true, "pricing_plan_id": "billable:v4:16b2196f-13ee-414b-bf80-7ac1ec7b8850::1740787200000:", "cost": 0.3566316, "rated_cost": 0.548664, "usage": [{"metric": "TOTAL_SMALL_VM_MINUTES", "unit": "Minutes", "price": [{"unitQuantity": "1000", "tier_model": "Granular Tier", "price": 4, "quantity_tier": "1"}], "additional_properties": {}, "quantity": 0, "rateable_quantity": 0, "cost": 0, "rated_cost": 0, "discounts": []}, {"metric": "TOTAL_MEDIUM_VM_MINUTES", "unit": "Minutes", "price": [{"unitQuantity": "1000", "tier_model": "Granular Tier", "price": 8, "quantity_tier": "1"}], "additional_properties": {}, "quantity": 68.583, "rateable_quantity": 68.583, "cost": 0.3566316, "rated_cost": 0.548664, "discounts": [{"name": "Discount for all Infrastructure and Platform Services", "display_name": "Discount for all Infrastructure and Platform Services", "ref": "Discount-cb910aa9-883f-44cb-a4f7-21deb14a6356", "discount": 35}]}, {"metric": "TOTAL_LARGE_VM_MINUTES", "unit": "Minutes", "price": [{"unitQuantity": "1000", "tier_model": "Granular Tier", "price": 16, "quantity_tier": "1"}], "additional_properties": {}, "quantity": 0, "rateable_quantity": 0, "cost": 0, "rated_cost": 0, "discounts": []}], "discounts": [{"ref": "Discount-cb910aa9-883f-44cb-a4f7-21deb14a6356", "name": "Discount for all Infrastructure and Platform Services", "display_name": "Discount for all Infrastructure and Platform Services", "discount": 35}]}], "discounts": [{"ref": "Discount-cb910aa9-883f-44cb-a4f7-21deb14a6356", "name": "Discount for all Infrastructure and Platform Services", "display_name": "Discount for all Infrastructure and Platform Services", "discount": 35}]}, {"resource_id": "is.vpc", "billable_cost": 0.05909475, "billable_rated_cost": 0.090915, "non_billable_cost": 0, "non_billable_rated_cost": 0, "plans": [{"plan_id": "5c6f17b8-1be9-4ae8-a328-afbfe41b02f8", "billable": true, "pricing_plan_id": "billable:v4:5c6f17b8-1be9-4ae8-a328-afbfe41b02f8:us-south:1740787200000:", "pricing_region": "us-south", "cost": 0.05909475, "rated_cost": 0.090915, "usage": [{"metric": "GIGABYTE_TRANSMITTED_OUTBOUNDS", "unit": "GIGABYTE_TRANSMITTED_OUTBOUND", "price": [{"unitQuantity": "1", "tier_model": "Graduated Tier (Step Tier)", "price": 0.090915, "quantity_tier": "9995"}, {"unitQuantity": "1", "tier_model": "Graduated Tier (Step Tier)", "price": 0.086735, "quantity_tier": "49995"}, {"unitQuantity": "1", "tier_model": "Graduated Tier (Step Tier)", "price": 0.07315, "quantity_tier": "149995"}, {"unitQuantity": "1", "tier_model": "Graduated Tier (Step Tier)", "price": 0.05225, "quantity_tier": "99999999999999"}], "additional_properties": {}, "quantity": 0.723526715, "rateable_quantity": 1, "cost": 0.05909475, "rated_cost": 0.090915, "discounts": [{"name": "Discount for all Infrastructure and Platform Services", "display_name": "Discount for all Infrastructure and Platform Services", "ref": "Discount-cb910aa9-883f-44cb-a4f7-21deb14a6356", "discount": 35}]}], "discounts": [{"ref": "Discount-cb910aa9-883f-44cb-a4f7-21deb14a6356", "name": "Discount for all Infrastructure and Platform Services", "display_name": "Discount for all Infrastructure and Platform Services", "discount": 35}]}], "discounts": [{"ref": "Discount-cb910aa9-883f-44cb-a4f7-21deb14a6356", "name": "Discount for all Infrastructure and Platform Services", "display_name": "Discount for all Infrastructure and Platform Services", "discount": 35}]}, {"resource_id": "dff97f5c-bc5e-4455-b470-411c3edbe49c", "billable_cost": 0.000447965375, "billable_rated_cost": 0.0006891775, "non_billable_cost": 0, "non_billable_rated_cost": 0, "plans": [{"plan_id": "744bfc56-d12c-4866-88d5-dac9139e0e5d", "billable": true, "pricing_plan_id": "billable:v4:744bfc56-d12c-4866-88d5-dac9139e0e5d:us-south:1740787200000:", "pricing_region": "us-south", "cost": 0.000447965375, "rated_cost": 0.0006891775, "usage": [{"metric": "SMART_TIER_BANDWIDTH", "unit": "GIGABYTE", "price": [{"unitQuantity": "1", "tier_model": "Graduated Tier (Step Tier)", "price": 0.09, "quantity_tier": "50000"}, {"unitQuantity": "1", "tier_model": "Graduated Tier (Step Tier)", "price": 0.07, "quantity_tier": "150000"}, {"unitQuantity": "1", "tier_model": "Graduated Tier (Step Tier)", "price": 0.05, "quantity_tier": "999999999"}], "additional_properties": {}, "quantity": 0, "rateable_quantity": 0, "cost": 0, "rated_cost": 0, "discounts": []}, {"metric": "SMART_TIER_HOT_STORAGE", "unit": "GIGABYTE", "price": [{"unitQuantity": "1", "tier_model": "Linear Tier", "price": 0.0219, "quantity_tier": "1"}], "additional_properties": {}, "quantity": 0.007436362769885329, "rateable_quantity": 0, "cost": 0, "rated_cost": 0, "discounts": []}, {"metric": "SMART_TIER_COOL_STORAGE", "unit": "GIGABYTE", "price": [{"unitQuantity": "1", "tier_model": "Linear Tier", "price": 0.0125, "quantity_tier": "1"}], "additional_properties": {}, "quantity": 0, "rateable_quantity": 0, "cost": 0, "rated_cost": 0, "discounts": []}, {"metric": "SMART_TIER_COLD_STORAGE", "unit": "GIGABYTE", "price": [{"unitQuantity": "1", "tier_model": "Linear Tier", "price": 0.0078, "quantity_tier": "1"}], "additional_properties": {}, "quantity": 0, "rateable_quantity": 0, "cost": 0, "rated_cost": 0, "discounts": []}, {"metric": "SMART_TIER_CLASS_A_CALLS", "unit": "API_CALLS", "price": [{"unitQuantity": "1000", "tier_model": "Simple Tier", "price": 0.005225, "quantity_tier": "1"}], "additional_properties": {}, "quantity": 117, "rateable_quantity": 117, "cost": 0.00039736125, "rated_cost": 0.000611325, "discounts": [{"name": "Discount for all Infrastructure and Platform Services", "display_name": "Discount for all Infrastructure and Platform Services", "ref": "Discount-cb910aa9-883f-44cb-a4f7-21deb14a6356", "discount": 35}]}, {"metric": "SMART_TIER_CLASS_B_CALLS", "unit": "API_CALLS", "price": [{"unitQuantity": "10000", "tier_model": "Simple Tier", "price": 0.005225, "quantity_tier": "1"}], "additional_properties": {}, "quantity": 149, "rateable_quantity": 149, "cost": 5.0604125e-05, "rated_cost": 7.78525e-05, "discounts": [{"name": "Discount for all Infrastructure and Platform Services", "display_name": "Discount for all Infrastructure and Platform Services", "ref": "Discount-cb910aa9-883f-44cb-a4f7-21deb14a6356", "discount": 35}]}, {"metric": "SMART_TIER_RETRIEVAL", "unit": "GIGABYTE", "price": [], "additional_properties": {}, "quantity": 9.71006229519844e-05, "rateable_quantity": 9.71006229519844e-05, "cost": 0, "rated_cost": 0, "discounts": []}], "discounts": [{"ref": "Discount-cb910aa9-883f-44cb-a4f7-21deb14a6356", "name": "Discount for all Infrastructure and Platform Services", "display_name": "Discount for all Infrastructure and Platform Services", "discount": 35}]}], "discounts": [{"ref": "Discount-cb910aa9-883f-44cb-a4f7-21deb14a6356", "name": "Discount for all Infrastructure and Platform Services", "display_name": "Discount for all Infrastructure and Platform Services", "discount": 35}]}, {"resource_id": "is.load-balancer", "billable_cost": 2.967080639425537, "billable_rated_cost": 4.564739445270058, "non_billable_cost": 0, "non_billable_rated_cost": 0, "plans": [{"plan_id": "752f2ba0-1eda-4cbf-a5d3-8fc087ea30ab", "billable": true, "pricing_plan_id": "billable:v4:752f2ba0-1eda-4cbf-a5d3-8fc087ea30ab:us-south:1740787200000:", "pricing_region": "us-south", "cost": 2.967080639425537, "rated_cost": 4.564739445270058, "usage": [{"metric": "INSTANCE_HOURS", "unit": "INSTANCE_HOUR", "price": [{"unitQuantity": "1", "tier_model": "Linear Tier", "price": 0.02926, "quantity_tier": "1"}], "additional_properties": {}, "quantity": 156.00027777777777, "rateable_quantity": 156.00027777777777, "cost": 2.966969283055555, "rated_cost": 4.564568127777777, "discounts": [{"name": "Discount for all Infrastructure and Platform Services", "display_name": "Discount for all Infrastructure and Platform Services", "ref": "Discount-cb910aa9-883f-44cb-a4f7-21deb14a6356", "discount": 35}]}, {"metric": "GIGABYTE_MONTHS", "unit": "GIGABYTE_MONTH", "price": [{"unitQuantity": "1", "tier_model": "Linear Tier", "price": 0.00836, "quantity_tier": "1"}], "additional_properties": {}, "quantity": 0.020492523, "rateable_quantity": 0.020492523, "cost": 0.000111356369982, "rated_cost": 0.00017131749228, "discounts": [{"name": "Discount for all Infrastructure and Platform Services", "display_name": "Discount for all Infrastructure and Platform Services", "ref": "Discount-cb910aa9-883f-44cb-a4f7-21deb14a6356", "discount": 35}]}], "discounts": [{"ref": "Discount-cb910aa9-883f-44cb-a4f7-21deb14a6356", "name": "Discount for all Infrastructure and Platform Services", "display_name": "Discount for all Infrastructure and Platform Services", "discount": 35}]}], "discounts": [{"ref": "Discount-cb910aa9-883f-44cb-a4f7-21deb14a6356", "name": "Discount for all Infrastructure and Platform Services", "display_name": "Discount for all Infrastructure and Platform Services", "discount": 35}]}, {"resource_id": "ebc0cdb0-af2a-11ea-98c7-29e5db822649", "billable_cost": 210.46675000000002, "billable_rated_cost": 323.795, "non_billable_cost": 0, "non_billable_rated_cost": 0, "plans": [{"plan_id": "7713c3a8-3be8-4a9a-81bb-ee822fcaac3d", "billable": true, "pricing_plan_id": "billable:v4:7713c3a8-3be8-4a9a-81bb-ee822fcaac3d:us-south:1740787200000:", "pricing_region": "us-south", "cost": 210.46675000000002, "rated_cost": 323.795, "usage": [{"metric": "INSTANCES", "unit": "INSTANCE", "price": [{"unitQuantity": "1", "tier_model": "Granular Tier", "price": 321, "quantity_tier": "1"}], "additional_properties": {}, "quantity": 1, "rateable_quantity": 31, "cost": 208.65, "rated_cost": 321, "discounts": [{"name": "Discount for all Infrastructure and Platform Services", "display_name": "Discount for all Infrastructure and Platform Services", "ref": "Discount-cb910aa9-883f-44cb-a4f7-21deb14a6356", "discount": 35}]}, {"metric": "ACTIVE_SECRETS", "unit": "ACTIVE_SECRETS", "price": [{"unitQuantity": "10", "tier_model": "Granular Tier", "price": 2.15, "quantity_tier": "1"}], "additional_properties": {}, "quantity": 13, "rateable_quantity": 13, "cost": 1.81675, "rated_cost": 2.795, "discounts": [{"name": "Discount for all Infrastructure and Platform Services", "display_name": "Discount for all Infrastructure and Platform Services", "ref": "Discount-cb910aa9-883f-44cb-a4f7-21deb14a6356", "discount": 35}]}], "discounts": [{"ref": "Discount-cb910aa9-883f-44cb-a4f7-21deb14a6356", "name": "Discount for all Infrastructure and Platform Services", "display_name": "Discount for all Infrastructure and Platform Services", "discount": 35}]}], "discounts": [{"ref": "Discount-cb910aa9-883f-44cb-a4f7-21deb14a6356", "name": "Discount for all Infrastructure and Platform Services", "display_name": "Discount for all Infrastructure and Platform Services", "discount": 35}]}, {"resource_id": "containers-kubernetes", "billable_cost": 18.21326226262488, "billable_rated_cost": 40.473916139166406, "non_billable_cost": 0, "non_billable_rated_cost": 0, "plans": [{"plan_id": "containers.kubernetes.cluster", "billable": true, "pricing_plan_id": "billable:v4:containers.kubernetes.cluster::1658448000000:", "cost": 0, "rated_cost": 0, "usage": [{"metric": "INSTANCE_HOURS", "unit": "INSTANCE_HOURS", "price": [], "additional_properties": {}, "quantity": 151, "rateable_quantity": 151, "cost": 0, "rated_cost": 0, "discounts": []}], "discounts": []}, {"plan_id": "containers.kubernetes.vpc.gen2", "billable": true, "pricing_plan_id": "billable:v4:containers.kubernetes.vpc.gen2:us-south:1740787200000:", "pricing_region": "us-south", "cost": 18.21326226262488, "rated_cost": 40.473916139166406, "usage": [{"metric": "MEMORY_HOURS", "unit": "GIGABYTE_HOURS", "price": [{"unitQuantity": "496", "tier_model": "Linear Tier", "price": 2.4863685, "quantity_tier": "1"}], "additional_properties": {}, "quantity": 302, "rateable_quantity": 302, "cost": 7.080255126143604, "rated_cost": 15.73390028031912, "discounts": [{"name": "containers.kubernetes.vpc.gen2:part-iks.ram-hours Discount", "display_name": "containers.kubernetes.vpc.gen2:part-iks.ram-hours Discount", "ref": "Discount-1a9a3d2d-175f-4c22-8802-178f712312e2", "discount": 55}]}, {"metric": "VCPU_HOURS", "unit": "VIRTUAL_PROCESSOR_CORE_HOURS", "price": [{"unitQuantity": "62", "tier_model": "Simple Tier", "price": 1.95357525, "quantity_tier": "3"}, {"unitQuantity": "62", "tier_model": "Simple Tier", "price": 2.397569625, "quantity_tier": "4"}, {"unitQuantity": "62", "tier_model": "Simple Tier", "price": 1.95357525, "quantity_tier": "31"}, {"unitQuantity": "62", "tier_model": "Simple Tier", "price": 2.042374125, "quantity_tier": "99999"}], "additional_properties": {}, "quantity": 302, "rateable_quantity": 302, "cost": 8.558550152481278, "rated_cost": 19.019000338847285, "discounts": [{"name": "containers.kubernetes.vpc.gen2:part-iks.cpu-hours Discount", "display_name": "containers.kubernetes.vpc.gen2:part-iks.cpu-hours Discount", "ref": "Discount-b891ea08-2a08-4af6-9d74-2e8141a86712", "discount": 55}]}, {"metric": "DISK_HOURS", "unit": "DISK_HOURS", "price": [{"unitQuantity": "1", "tier_model": "Linear Tier", "price": 0.0001894376, "quantity_tier": "1"}], "additional_properties": {}, "quantity": 302, "rateable_quantity": 302, "cost": 2.5744569839999993, "rated_cost": 5.721015519999999, "discounts": [{"name": "containers.kubernetes.vpc.gen2:part-iks.disk Discount", "display_name": "containers.kubernetes.vpc.gen2:part-iks.disk Discount", "ref": "Discount-e2277ca8-fae7-4a7c-ad1b-2120d31a91de", "discount": 55}]}], "discounts": [{"ref": "Discount-1a9a3d2d-175f-4c22-8802-178f712312e2", "name": "containers.kubernetes.vpc.gen2:part-iks.ram-hours Discount", "display_name": "containers.kubernetes.vpc.gen2:part-iks.ram-hours Discount", "discount": 55}, {"ref": "Discount-b891ea08-2a08-4af6-9d74-2e8141a86712", "name": "containers.kubernetes.vpc.gen2:part-iks.cpu-hours Discount", "display_name": "containers.kubernetes.vpc.gen2:part-iks.cpu-hours Discount", "discount": 55}, {"ref": "Discount-e2277ca8-fae7-4a7c-ad1b-2120d31a91de", "name": "containers.kubernetes.vpc.gen2:part-iks.disk Discount", "display_name": "containers.kubernetes.vpc.gen2:part-iks.disk Discount", "discount": 55}]}], "discounts": [{"ref": "Discount-1a9a3d2d-175f-4c22-8802-178f712312e2", "name": "containers.kubernetes.vpc.gen2:part-iks.ram-hours Discount", "display_name": "containers.kubernetes.vpc.gen2:part-iks.ram-hours Discount", "discount": 55}, {"ref": "Discount-b891ea08-2a08-4af6-9d74-2e8141a86712", "name": "containers.kubernetes.vpc.gen2:part-iks.cpu-hours Discount", "display_name": "containers.kubernetes.vpc.gen2:part-iks.cpu-hours Discount", "discount": 55}, {"ref": "Discount-e2277ca8-fae7-4a7c-ad1b-2120d31a91de", "name": "containers.kubernetes.vpc.gen2:part-iks.disk Discount", "display_name": "containers.kubernetes.vpc.gen2:part-iks.disk Discount", "discount": 55}]}], "currency_rate": 1, "account_id": "6a9b18b8d05a4b6392a8c9ef9a064505", "resource_group_id": "81d9c29cde264a6ebabc9ee0acc1d2ec", "month": "2025-03"}