{
    "pricing_country": "USA",
    "currency_code": "USD",
    "billing_country": "USA",
    "resources": [
        {
            "resource_id": "is.endpoint-gateway",
            "billable_cost": 0,
            "billable_rated_cost": 0,
            "non_billable_cost": 0,
            "non_billable_rated_cost": 0,
            "plans": [
                {
                    "plan_id": "0dbb9b85-89fa-44f6-ae82-d6a01e3a5ac1",
                    "billable": true,
                    "pricing_plan_id": "billable:v4:0dbb9b85-89fa-44f6-ae82-d6a01e3a5ac1:us-south:1483228800000:",
                    "pricing_region": "us-south",
                    "cost": 0,
                    "rated_cost": 0,
                    "usage": [
                        {
                            "metric": "GIGABYTE_TRANSMITTED",
                            "unit": "GIGABYTE_TRANSMITTED",
                            "price": [],
                            "additional_properties": {},
                            "quantity": 51.064842333,
                            "rateable_quantity": 51.064842333,
                            "cost": 0,
                            "rated_cost": 0,
                            "discounts": []
                        },
                        {
                            "metric": "INSTANCE_HOUR",
                            "unit": "INSTANCE_HOUR",
                            "price": [],
                            "additional_properties": {},
                            "quantity": 3085.2688872222225,
                            "rateable_quantity": 3085.2688872222225,
                            "cost": 0,
                            "rated_cost": 0,
                            "discounts": []
                        }
                    ],
                    "discounts": []
                }
            ],
            "discounts": []
        },
        {
            "resource_id": "59b735ee-5938-4ebd-a6b2-541aef2d1f68",
            "billable_cost": 0.7497516,
            "billable_rated_cost": 1.153464,
            "non_billable_cost": 0,
            "non_billable_rated_cost": 0,
            "plans": [
                {
                    "plan_id": "16b2196f-13ee-414b-bf80-7ac1ec7b8850",
                    "billable": true,
                    "pricing_plan_id": "billable:v4:16b2196f-13ee-414b-bf80-7ac1ec7b8850::1735689600000:",
                    "cost": 0.7497516,
                    "rated_cost": 1.153464,
                    "usage": [
                        {
                            "metric": "TOTAL_SMALL_VM_MINUTES",
                            "unit": "Minutes",
                            "price": [
                                {
                                    "unitQuantity": "1000",
                                    "tier_model": "Granular Tier",
                                    "price": 4,
                                    "quantity_tier": "1"
                                }
                            ],
                            "additional_properties": {},
                            "quantity": 0,
                            "rateable_quantity": 0,
                            "cost": 0,
                            "rated_cost": 0,
                            "discounts": []
                        },
                        {
                            "metric": "TOTAL_MEDIUM_VM_MINUTES",
                            "unit": "Minutes",
                            "price": [
                                {
                                    "unitQuantity": "1000",
                                    "tier_model": "Granular Tier",
                                    "price": 8,
                                    "quantity_tier": "1"
                                }
                            ],
                            "additional_properties": {},
                            "quantity": 144.183,
                            "rateable_quantity": 144.183,
                            "cost": 0.7497516,
                            "rated_cost": 1.153464,
                            "discounts": [
                                {
                                    "name": "Discount for all Infrastructure and Platform Services",
                                    "display_name": "Discount for all Infrastructure and Platform Services",
                                    "ref": "Discount-cb910aa9-883f-44cb-a4f7-21deb14a6356",
                                    "discount": 35
                                }
                            ]
                        },
                        {
                            "metric": "TOTAL_LARGE_VM_MINUTES",
                            "unit": "Minutes",
                            "price": [
                                {
                                    "unitQuantity": "1000",
                                    "tier_model": "Granular Tier",
                                    "price": 16,
                                    "quantity_tier": "1"
                                }
                            ],
                            "additional_properties": {},
                            "quantity": 0,
                            "rateable_quantity": 0,
                            "cost": 0,
                            "rated_cost": 0,
                            "discounts": []
                        }
                    ],
                    "discounts": [
                        {
                            "ref": "Discount-cb910aa9-883f-44cb-a4f7-21deb14a6356",
                            "name": "Discount for all Infrastructure and Platform Services",
                            "display_name": "Discount for all Infrastructure and Platform Services",
                            "discount": 35
                        }
                    ]
                }
            ],
            "discounts": [
                {
                    "ref": "Discount-cb910aa9-883f-44cb-a4f7-21deb14a6356",
                    "name": "Discount for all Infrastructure and Platform Services",
                    "display_name": "Discount for all Infrastructure and Platform Services",
                    "discount": 35
                }
            ]
        },
        {
            "resource_id": "is.vpc",
            "billable_cost": 0,
            "billable_rated_cost": 0,
            "non_billable_cost": 0,
            "non_billable_rated_cost": 0,
            "plans": [
                {
                    "plan_id": "5c6f17b8-1be9-4ae8-a328-afbfe41b02f8",
                    "billable": true,
                    "pricing_plan_id": "billable:v4:5c6f17b8-1be9-4ae8-a328-afbfe41b02f8:us-south:1735689600000:",
                    "pricing_region": "us-south",
                    "cost": 0,
                    "rated_cost": 0,
                    "usage": [
                        {
                            "metric": "GIGABYTE_TRANSMITTED_OUTBOUNDS",
                            "unit": "GIGABYTE_TRANSMITTED_OUTBOUND",
                            "price": [
                                {
                                    "unitQuantity": "1",
                                    "tier_model": "Graduated Tier (Step Tier)",
                                    "price": 0.090915,
                                    "quantity_tier": "9995"
                                },
                                {
                                    "unitQuantity": "1",
                                    "tier_model": "Graduated Tier (Step Tier)",
                                    "price": 0.086735,
                                    "quantity_tier": "49995"
                                },
                                {
                                    "unitQuantity": "1",
                                    "tier_model": "Graduated Tier (Step Tier)",
                                    "price": 0.07315,
                                    "quantity_tier": "149995"
                                },
                                {
                                    "unitQuantity": "1",
                                    "tier_model": "Graduated Tier (Step Tier)",
                                    "price": 0.05225,
                                    "quantity_tier": "99999999999999"
                                }
                            ],
                            "additional_properties": {},
                            "quantity": 2.023764147,
                            "rateable_quantity": 0,
                            "cost": 0,
                            "rated_cost": 0,
                            "discounts": []
                        }
                    ],
                    "discounts": []
                }
            ],
            "discounts": []
        },
        {
            "resource_id": "dff97f5c-bc5e-4455-b470-411c3edbe49c",
            "billable_cost": 0,
            "billable_rated_cost": 0,
            "non_billable_cost": 0,
            "non_billable_rated_cost": 0,
            "plans": [
                {
                    "plan_id": "744bfc56-d12c-4866-88d5-dac9139e0e5d",
                    "billable": true,
                    "pricing_plan_id": "billable:v4:744bfc56-d12c-4866-88d5-dac9139e0e5d:us-south:1735689600000:",
                    "pricing_region": "us-south",
                    "cost": 0,
                    "rated_cost": 0,
                    "usage": [
                        {
                            "metric": "SMART_TIER_BANDWIDTH",
                            "unit": "GIGABYTE",
                            "price": [
                                {
                                    "unitQuantity": "1",
                                    "tier_model": "Graduated Tier (Step Tier)",
                                    "price": 0.09,
                                    "quantity_tier": "50000"
                                },
                                {
                                    "unitQuantity": "1",
                                    "tier_model": "Graduated Tier (Step Tier)",
                                    "price": 0.07,
                                    "quantity_tier": "150000"
                                },
                                {
                                    "unitQuantity": "1",
                                    "tier_model": "Graduated Tier (Step Tier)",
                                    "price": 0.05,
                                    "quantity_tier": "999999999"
                                }
                            ],
                            "additional_properties": {},
                            "quantity": 9.88785177469253e-06,
                            "rateable_quantity": 0,
                            "cost": 0,
                            "rated_cost": 0,
                            "discounts": []
                        },
                        {
                            "metric": "SMART_TIER_HOT_STORAGE",
                            "unit": "GIGABYTE",
                            "price": [
                                {
                                    "unitQuantity": "1",
                                    "tier_model": "Linear Tier",
                                    "price": 0.0219,
                                    "quantity_tier": "1"
                                }
                            ],
                            "additional_properties": {},
                            "quantity": 0.0004830936117658531,
                            "rateable_quantity": 0,
                            "cost": 0,
                            "rated_cost": 0,
                            "discounts": []
                        },
                        {
                            "metric": "SMART_TIER_COOL_STORAGE",
                            "unit": "GIGABYTE",
                            "price": [
                                {
                                    "unitQuantity": "1",
                                    "tier_model": "Linear Tier",
                                    "price": 0.0125,
                                    "quantity_tier": "1"
                                }
                            ],
                            "additional_properties": {},
                            "quantity": 0,
                            "rateable_quantity": 0,
                            "cost": 0,
                            "rated_cost": 0,
                            "discounts": []
                        },
                        {
                            "metric": "SMART_TIER_COLD_STORAGE",
                            "unit": "GIGABYTE",
                            "price": [
                                {
                                    "unitQuantity": "1",
                                    "tier_model": "Linear Tier",
                                    "price": 0.0078,
                                    "quantity_tier": "1"
                                }
                            ],
                            "additional_properties": {},
                            "quantity": 0,
                            "rateable_quantity": 0,
                            "cost": 0,
                            "rated_cost": 0,
                            "discounts": []
                        },
                        {
                            "metric": "SMART_TIER_CLASS_A_CALLS",
                            "unit": "API_CALLS",
                            "price": [
                                {
                                    "unitQuantity": "1000",
                                    "tier_model": "Simple Tier",
                                    "price": 0.005225,
                                    "quantity_tier": "1"
                                }
                            ],
                            "additional_properties": {},
                            "quantity": 117,
                            "rateable_quantity": 0,
                            "cost": 0,
                            "rated_cost": 0,
                            "discounts": []
                        },
                        {
                            "metric": "SMART_TIER_CLASS_B_CALLS",
                            "unit": "API_CALLS",
                            "price": [
                                {
                                    "unitQuantity": "10000",
                                    "tier_model": "Simple Tier",
                                    "price": 0.005225,
                                    "quantity_tier": "1"
                                }
                            ],
                            "additional_properties": {},
                            "quantity": 204,
                            "rateable_quantity": 0,
                            "cost": 0,
                            "rated_cost": 0,
                            "discounts": []
                        },
                        {
                            "metric": "SMART_TIER_RETRIEVAL",
                            "unit": "GIGABYTE",
                            "price": [],
                            "additional_properties": {},
                            "quantity": 5.451496690511703e-05,
                            "rateable_quantity": 5.451496690511703e-05,
                            "cost": 0,
                            "rated_cost": 0,
                            "discounts": []
                        }
                    ],
                    "discounts": []
                }
            ],
            "discounts": []
        },
        {
            "resource_id": "is.floating-ip",
            "billable_cost": 0.3135,
            "billable_rated_cost": 1.045,
            "non_billable_cost": 0,
            "non_billable_rated_cost": 0,
            "plans": [
                {
                    "plan_id": "74a80442-144f-488f-85ee-f81150ff0169",
                    "billable": true,
                    "pricing_plan_id": "billable:v4:74a80442-144f-488f-85ee-f81150ff0169:us-south:1735689600000:",
                    "pricing_region": "us-south",
                    "cost": 0.3135,
                    "rated_cost": 1.045,
                    "usage": [
                        {
                            "metric": "INSTANCES",
                            "unit": "INSTANCE",
                            "price": [
                                {
                                    "unitQuantity": "1",
                                    "tier_model": "Linear Tier",
                                    "price": 1.045,
                                    "quantity_tier": "1"
                                }
                            ],
                            "additional_properties": {},
                            "quantity": 1,
                            "rateable_quantity": 1,
                            "cost": 0.3135,
                            "rated_cost": 1.045,
                            "discounts": [
                                {
                                    "name": "is.floating-ip Discount",
                                    "display_name": "is.floating-ip Discount",
                                    "ref": "Discount-1cabea2b-eaeb-4413-bd56-6e695e0d912a",
                                    "discount": 70
                                }
                            ]
                        }
                    ],
                    "discounts": [
                        {
                            "ref": "Discount-1cabea2b-eaeb-4413-bd56-6e695e0d912a",
                            "name": "is.floating-ip Discount",
                            "display_name": "is.floating-ip Discount",
                            "discount": 70
                        }
                    ]
                }
            ],
            "discounts": [
                {
                    "ref": "Discount-1cabea2b-eaeb-4413-bd56-6e695e0d912a",
                    "name": "is.floating-ip Discount",
                    "display_name": "is.floating-ip Discount",
                    "discount": 70
                }
            ]
        },
        {
            "resource_id": "is.load-balancer",
            "billable_cost": 4.355137584654853,
            "billable_rated_cost": 14.517125282182842,
            "non_billable_cost": 0,
            "non_billable_rated_cost": 0,
            "plans": [
                {
                    "plan_id": "752f2ba0-1eda-4cbf-a5d3-8fc087ea30ab",
                    "billable": true,
                    "pricing_plan_id": "billable:v4:752f2ba0-1eda-4cbf-a5d3-8fc087ea30ab:us-south:1735689600000:",
                    "pricing_region": "us-south",
                    "cost": 4.355137584654853,
                    "rated_cost": 14.517125282182842,
                    "usage": [
                        {
                            "metric": "INSTANCE_HOURS",
                            "unit": "INSTANCE_HOUR",
                            "price": [
                                {
                                    "unitQuantity": "1",
                                    "tier_model": "Linear Tier",
                                    "price": 0.02926,
                                    "quantity_tier": "1"
                                }
                            ],
                            "additional_properties": {},
                            "quantity": 496.1319444444444,
                            "rateable_quantity": 496.1319444444444,
                            "cost": 4.355046208333333,
                            "rated_cost": 14.516820694444442,
                            "discounts": [
                                {
                                    "name": "is.load-balancer Discount",
                                    "display_name": "is.load-balancer Discount",
                                    "ref": "Discount-3e30565e-27e2-46b7-b535-347be9c85a99",
                                    "discount": 70
                                }
                            ]
                        },
                        {
                            "metric": "GIGABYTE_MONTHS",
                            "unit": "GIGABYTE_MONTH",
                            "price": [
                                {
                                    "unitQuantity": "1",
                                    "tier_model": "Linear Tier",
                                    "price": 0.00836,
                                    "quantity_tier": "1"
                                }
                            ],
                            "additional_properties": {},
                            "quantity": 0.03643394,
                            "rateable_quantity": 0.03643394,
                            "cost": 9.137632152e-05,
                            "rated_cost": 0.0003045877384,
                            "discounts": [
                                {
                                    "name": "is.load-balancer Discount",
                                    "display_name": "is.load-balancer Discount",
                                    "ref": "Discount-3e30565e-27e2-46b7-b535-347be9c85a99",
                                    "discount": 70
                                }
                            ]
                        }
                    ],
                    "discounts": [
                        {
                            "ref": "Discount-3e30565e-27e2-46b7-b535-347be9c85a99",
                            "name": "is.load-balancer Discount",
                            "display_name": "is.load-balancer Discount",
                            "discount": 70
                        }
                    ]
                }
            ],
            "discounts": [
                {
                    "ref": "Discount-3e30565e-27e2-46b7-b535-347be9c85a99",
                    "name": "is.load-balancer Discount",
                    "display_name": "is.load-balancer Discount",
                    "discount": 70
                }
            ]
        },
        {
            "resource_id": "ebc0cdb0-af2a-11ea-98c7-29e5db822649",
            "billable_cost": 149.75119354838708,
            "billable_rated_cost": 230.38645161290324,
            "non_billable_cost": 0,
            "non_billable_rated_cost": 0,
            "plans": [
                {
                    "plan_id": "7713c3a8-3be8-4a9a-81bb-ee822fcaac3d",
                    "billable": true,
                    "pricing_plan_id": "billable:v4:7713c3a8-3be8-4a9a-81bb-ee822fcaac3d:us-south:1735689600000:",
                    "pricing_region": "us-south",
                    "cost": 149.75119354838708,
                    "rated_cost": 230.38645161290324,
                    "usage": [
                        {
                            "metric": "INSTANCES",
                            "unit": "INSTANCE",
                            "price": [
                                {
                                    "unitQuantity": "1",
                                    "tier_model": "Granular Tier",
                                    "price": 321,
                                    "quantity_tier": "1"
                                }
                            ],
                            "additional_properties": {},
                            "quantity": 1,
                            "rateable_quantity": 22,
                            "cost": 148.0741935483871,
                            "rated_cost": 227.80645161290323,
                            "discounts": [
                                {
                                    "name": "Discount for all Infrastructure and Platform Services",
                                    "display_name": "Discount for all Infrastructure and Platform Services",
                                    "ref": "Discount-cb910aa9-883f-44cb-a4f7-21deb14a6356",
                                    "discount": 35
                                }
                            ]
                        },
                        {
                            "metric": "ACTIVE_SECRETS",
                            "unit": "ACTIVE_SECRETS",
                            "price": [
                                {
                                    "unitQuantity": "10",
                                    "tier_model": "Granular Tier",
                                    "price": 2.15,
                                    "quantity_tier": "1"
                                }
                            ],
                            "additional_properties": {},
                            "quantity": 12,
                            "rateable_quantity": 12,
                            "cost": 1.677,
                            "rated_cost": 2.58,
                            "discounts": [
                                {
                                    "name": "Discount for all Infrastructure and Platform Services",
                                    "display_name": "Discount for all Infrastructure and Platform Services",
                                    "ref": "Discount-cb910aa9-883f-44cb-a4f7-21deb14a6356",
                                    "discount": 35
                                }
                            ]
                        }
                    ],
                    "discounts": [
                        {
                            "ref": "Discount-cb910aa9-883f-44cb-a4f7-21deb14a6356",
                            "name": "Discount for all Infrastructure and Platform Services",
                            "display_name": "Discount for all Infrastructure and Platform Services",
                            "discount": 35
                        }
                    ]
                }
            ],
            "discounts": [
                {
                    "ref": "Discount-cb910aa9-883f-44cb-a4f7-21deb14a6356",
                    "name": "Discount for all Infrastructure and Platform Services",
                    "display_name": "Discount for all Infrastructure and Platform Services",
                    "discount": 35
                }
            ]
        },
        {
            "resource_id": "containers-kubernetes",
            "billable_cost": 58.67918367036196,
            "billable_rated_cost": 130.3981859341377,
            "non_billable_cost": 0,
            "non_billable_rated_cost": 0,
            "plans": [
                {
                    "plan_id": "containers.kubernetes.cluster",
                    "billable": true,
                    "pricing_plan_id": "billable:v4:containers.kubernetes.cluster::1658448000000:",
                    "cost": 0,
                    "rated_cost": 0,
                    "usage": [
                        {
                            "metric": "INSTANCE_HOURS",
                            "unit": "INSTANCE_HOURS",
                            "price": [],
                            "additional_properties": {},
                            "quantity": 514.2780552777778,
                            "rateable_quantity": 514.2780552777778,
                            "cost": 0,
                            "rated_cost": 0,
                            "discounts": []
                        }
                    ],
                    "discounts": []
                },
                {
                    "plan_id": "containers.kubernetes.vpc.gen2",
                    "billable": true,
                    "pricing_plan_id": "billable:v4:containers.kubernetes.vpc.gen2:us-south:1735689600000:",
                    "pricing_region": "us-south",
                    "cost": 58.67918367036196,
                    "rated_cost": 130.3981859341377,
                    "usage": [
                        {
                            "metric": "MEMORY_HOURS",
                            "unit": "GIGABYTE_HOURS",
                            "price": [
                                {
                                    "unitQuantity": "496",
                                    "tier_model": "Linear Tier",
                                    "price": 2.4863685,
                                    "quantity_tier": "1"
                                }
                            ],
                            "additional_properties": {},
                            "quantity": 1028.0813883333335,
                            "rateable_quantity": 1028.0813883333335,
                            "cost": 22.598381542456714,
                            "rated_cost": 50.21862564990381,
                            "discounts": [
                                {
                                    "name": "containers.kubernetes.vpc.gen2:part-iks.ram-hours Discount",
                                    "display_name": "containers.kubernetes.vpc.gen2:part-iks.ram-hours Discount",
                                    "ref": "Discount-1a9a3d2d-175f-4c22-8802-178f712312e2",
                                    "discount": 55
                                }
                            ]
                        },
                        {
                            "metric": "VCPU_HOURS",
                            "unit": "VIRTUAL_PROCESSOR_CORE_HOURS",
                            "price": [
                                {
                                    "unitQuantity": "62",
                                    "tier_model": "Simple Tier",
                                    "price": 1.95357525,
                                    "quantity_tier": "3"
                                },
                                {
                                    "unitQuantity": "62",
                                    "tier_model": "Simple Tier",
                                    "price": 2.397569625,
                                    "quantity_tier": "4"
                                },
                                {
                                    "unitQuantity": "62",
                                    "tier_model": "Simple Tier",
                                    "price": 1.95357525,
                                    "quantity_tier": "31"
                                },
                                {
                                    "unitQuantity": "62",
                                    "tier_model": "Simple Tier",
                                    "price": 2.042374125,
                                    "quantity_tier": "99999"
                                }
                            ],
                            "additional_properties": {},
                            "quantity": 1028.0813883333335,
                            "rateable_quantity": 1028.0813883333335,
                            "cost": 27.316724941431186,
                            "rated_cost": 60.703833203180416,
                            "discounts": [
                                {
                                    "name": "containers.kubernetes.vpc.gen2:part-iks.cpu-hours Discount",
                                    "display_name": "containers.kubernetes.vpc.gen2:part-iks.cpu-hours Discount",
                                    "ref": "Discount-b891ea08-2a08-4af6-9d74-2e8141a86712",
                                    "discount": 55
                                }
                            ]
                        },
                        {
                            "metric": "DISK_HOURS",
                            "unit": "DISK_HOURS",
                            "price": [
                                {
                                    "unitQuantity": "1",
                                    "tier_model": "Linear Tier",
                                    "price": 0.0001894376,
                                    "quantity_tier": "1"
                                }
                            ],
                            "additional_properties": {},
                            "quantity": 1028.0813883333335,
                            "rateable_quantity": 1028.0813883333335,
                            "cost": 8.76407718647406,
                            "rated_cost": 19.475727081053467,
                            "discounts": [
                                {
                                    "name": "containers.kubernetes.vpc.gen2:part-iks.disk Discount",
                                    "display_name": "containers.kubernetes.vpc.gen2:part-iks.disk Discount",
                                    "ref": "Discount-e2277ca8-fae7-4a7c-ad1b-2120d31a91de",
                                    "discount": 55
                                }
                            ]
                        }
                    ],
                    "discounts": [
                        {
                            "ref": "Discount-1a9a3d2d-175f-4c22-8802-178f712312e2",
                            "name": "containers.kubernetes.vpc.gen2:part-iks.ram-hours Discount",
                            "display_name": "containers.kubernetes.vpc.gen2:part-iks.ram-hours Discount",
                            "discount": 55
                        },
                        {
                            "ref": "Discount-b891ea08-2a08-4af6-9d74-2e8141a86712",
                            "name": "containers.kubernetes.vpc.gen2:part-iks.cpu-hours Discount",
                            "display_name": "containers.kubernetes.vpc.gen2:part-iks.cpu-hours Discount",
                            "discount": 55
                        },
                        {
                            "ref": "Discount-e2277ca8-fae7-4a7c-ad1b-2120d31a91de",
                            "name": "containers.kubernetes.vpc.gen2:part-iks.disk Discount",
                            "display_name": "containers.kubernetes.vpc.gen2:part-iks.disk Discount",
                            "discount": 55
                        }
                    ]
                }
            ],
            "discounts": [
                {
                    "ref": "Discount-1a9a3d2d-175f-4c22-8802-178f712312e2",
                    "name": "containers.kubernetes.vpc.gen2:part-iks.ram-hours Discount",
                    "display_name": "containers.kubernetes.vpc.gen2:part-iks.ram-hours Discount",
                    "discount": 55
                },
                {
                    "ref": "Discount-b891ea08-2a08-4af6-9d74-2e8141a86712",
                    "name": "containers.kubernetes.vpc.gen2:part-iks.cpu-hours Discount",
                    "display_name": "containers.kubernetes.vpc.gen2:part-iks.cpu-hours Discount",
                    "discount": 55
                },
                {
                    "ref": "Discount-e2277ca8-fae7-4a7c-ad1b-2120d31a91de",
                    "name": "containers.kubernetes.vpc.gen2:part-iks.disk Discount",
                    "display_name": "containers.kubernetes.vpc.gen2:part-iks.disk Discount",
                    "discount": 55
                }
            ]
        }
    ],
    "currency_rate": 1,
    "account_id": "6a9b18b8d05a4b6392a8c9ef9a064505",
    "month": "2025-01"
}