{
    "limit": 30,
    "count": 18,
    "first": {
        "href": "/v4/accounts/6a9b18b8d05a4b6392a8c9ef9a064505/resource_instances/usage/2025-01?_limit=30&_names=false&_tags=true"
    },
    "resources": [
        {
            "account_id": "6a9b18b8d05a4b6392a8c9ef9a064505",
            "resource_instance_id": "crn:v1:bluemix:public:is:us-south-1:a/6a9b18b8d05a4b6392a8c9ef9a064505::floating-ip:r006-6b57cffe-22ad-4da0-93be-13b683256a43",
            "resource_group_id": "440f9fd09cbd4b23b8608992aed6df58",
            "month": "2025-01",
            "pricing_country": "USA",
            "billing_country": "USA",
            "currency_code": "USD",
            "plan_id": "74a80442-144f-488f-85ee-f81150ff0169",
            "resource_id": "is.floating-ip",
            "billable": true,
            "pricing_plan_id": "billable:v4:74a80442-144f-488f-85ee-f81150ff0169:us-south:1735689600000:",
            "pricing_region": "us-south",
            "region": "us-south",
            "usage": [
                {
                    "metric": "INSTANCES",
                    "unit": "INSTANCE",
                    "price": [
                        {
                            "unitQuantity": "1",
                            "tier_model": "Linear Tier",
                            "price": 1.045,
                            "quantity_tier": "1"
                        }
                    ],
                    "additional_properties": {},
                    "quantity": 1,
                    "cost": 0.3135,
                    "rated_cost": 1.045,
                    "rateable_quantity": 1,
                    "discounts": [
                        {
                            "name": "is.floating-ip Discount",
                            "display_name": "is.floating-ip Discount",
                            "ref": "Discount-1cabea2b-eaeb-4413-bd56-6e695e0d912a",
                            "discount": 70
                        }
                    ],
                    "volume_discount": 0,
                    "volume_cost": 1.045
                }
            ],
            "currency_rate": 1,
            "tags": [],
            "service_tags": []
        },
        {
            "account_id": "6a9b18b8d05a4b6392a8c9ef9a064505",
            "resource_instance_id": "crn:v1:bluemix:public:is:us-south:a/6a9b18b8d05a4b6392a8c9ef9a064505::load-balancer:r006-b6f2851d-3b9d-4644-bcdf-5b3e5a143d81",
            "resource_group_id": "81d9c29cde264a6ebabc9ee0acc1d2ec",
            "month": "2025-01",
            "pricing_country": "USA",
            "billing_country": "USA",
            "currency_code": "USD",
            "plan_id": "752f2ba0-1eda-4cbf-a5d3-8fc087ea30ab",
            "resource_id": "is.load-balancer",
            "billable": true,
            "pricing_plan_id": "billable:v4:752f2ba0-1eda-4cbf-a5d3-8fc087ea30ab:us-south:1735689600000:",
            "pricing_region": "us-south",
            "region": "us-south",
            "usage": [
                {
                    "metric": "INSTANCE_HOURS",
                    "unit": "INSTANCE_HOUR",
                    "price": [
                        {
                            "unitQuantity": "1",
                            "tier_model": "Linear Tier",
                            "price": 0.02926,
                            "quantity_tier": "1"
                        }
                    ],
                    "additional_properties": {},
                    "quantity": 496.1319444444444,
                    "cost": 4.355046208333333,
                    "rated_cost": 14.516820694444442,
                    "rateable_quantity": 496.1319444444444,
                    "discounts": [
                        {
                            "name": "is.load-balancer Discount",
                            "display_name": "is.load-balancer Discount",
                            "ref": "Discount-3e30565e-27e2-46b7-b535-347be9c85a99",
                            "discount": 70
                        }
                    ],
                    "volume_discount": 0,
                    "volume_cost": 14.516820694444442
                },
                {
                    "metric": "GIGABYTE_MONTHS",
                    "unit": "GIGABYTE_MONTH",
                    "price": [
                        {
                            "unitQuantity": "1",
                            "tier_model": "Linear Tier",
                            "price": 0.00836,
                            "quantity_tier": "1"
                        }
                    ],
                    "additional_properties": {},
                    "quantity": 0.03643394,
                    "cost": 9.137632152e-05,
                    "rated_cost": 0.0003045877384,
                    "rateable_quantity": 0.03643394,
                    "discounts": [
                        {
                            "name": "is.load-balancer Discount",
                            "display_name": "is.load-balancer Discount",
                            "ref": "Discount-3e30565e-27e2-46b7-b535-347be9c85a99",
                            "discount": 70
                        }
                    ],
                    "volume_discount": 0,
                    "volume_cost": 0.0003045877384
                }
            ],
            "currency_rate": 1,
            "tags": [],
            "service_tags": []
        },
        {
            "account_id": "6a9b18b8d05a4b6392a8c9ef9a064505",
            "resource_instance_id": "crn:v1:bluemix:public:containers-kubernetes:us-south:a/6a9b18b8d05a4b6392a8c9ef9a064505:cu0i7t7d077eh3n9ftf0::",
            "resource_group_id": "81d9c29cde264a6ebabc9ee0acc1d2ec",
            "month": "2025-01",
            "pricing_country": "USA",
            "billing_country": "USA",
            "currency_code": "USD",
            "plan_id": "containers.kubernetes.cluster",
            "resource_id": "containers-kubernetes",
            "billable": true,
            "pricing_plan_id": "billable:v4:containers.kubernetes.cluster::1658448000000:",
            "region": "us-south",
            "usage": [
                {
                    "metric": "INSTANCE_HOURS",
                    "unit": "INSTANCE_HOURS",
                    "price": [],
                    "additional_properties": {},
                    "quantity": 514.2780552777778,
                    "cost": 0,
                    "rated_cost": 0,
                    "rateable_quantity": 514.2780552777778,
                    "discounts": [],
                    "volume_discount": 0,
                    "volume_cost": 0
                }
            ],
            "currency_rate": 1,
            "tags": [
                "schematics:us-south.workspace.projects-service.8caab6c6"
            ],
            "service_tags": [
                "project::config_id:cc7cee24-aad6-4145-830e-473a8e28e66a",
                "project::da_locator:884b33b6-e6c0-49d6-a4ee-1228f863065b.24b91930-81c7-432e-845c-10b571af3a70",
                "project::project_id:724d4d5d-9bc8-4707-9493-831a83c98adc"
            ]
        },
        {
            "account_id": "6a9b18b8d05a4b6392a8c9ef9a064505",
            "resource_instance_id": "crn:v1:bluemix:public:continuous-delivery:us-south:a/6a9b18b8d05a4b6392a8c9ef9a064505:d13d6667-2385-440e-975a-f8eb50a6f734::",
            "resource_group_id": "81d9c29cde264a6ebabc9ee0acc1d2ec",
            "month": "2025-01",
            "pricing_country": "USA",
            "billing_country": "USA",
            "currency_code": "USD",
            "plan_id": "16b2196f-13ee-414b-bf80-7ac1ec7b8850",
            "resource_id": "59b735ee-5938-4ebd-a6b2-541aef2d1f68",
            "billable": true,
            "pricing_plan_id": "billable:v4:16b2196f-13ee-414b-bf80-7ac1ec7b8850::1735689600000:",
            "region": "us-south",
            "usage": [
                {
                    "metric": "TOTAL_SMALL_VM_MINUTES",
                    "unit": "Minutes",
                    "price": [
                        {
                            "unitQuantity": "1000",
                            "tier_model": "Granular Tier",
                            "price": 4,
                            "quantity_tier": "1"
                        }
                    ],
                    "additional_properties": {},
                    "quantity": 0,
                    "cost": 0,
                    "rated_cost": 0,
                    "rateable_quantity": 0,
                    "discounts": [],
                    "volume_discount": 0,
                    "volume_cost": 0
                },
                {
                    "metric": "TOTAL_MEDIUM_VM_MINUTES",
                    "unit": "Minutes",
                    "price": [
                        {
                            "unitQuantity": "1000",
                            "tier_model": "Granular Tier",
                            "price": 8,
                            "quantity_tier": "1"
                        }
                    ],
                    "additional_properties": {},
                    "quantity": 144.183,
                    "cost": 0.7497516,
                    "rated_cost": 1.153464,
                    "rateable_quantity": 144.183,
                    "discounts": [
                        {
                            "name": "Discount for all Infrastructure and Platform Services",
                            "display_name": "Discount for all Infrastructure and Platform Services",
                            "ref": "Discount-cb910aa9-883f-44cb-a4f7-21deb14a6356",
                            "discount": 35
                        }
                    ],
                    "volume_discount": 0,
                    "volume_cost": 1.153464
                },
                {
                    "metric": "TOTAL_LARGE_VM_MINUTES",
                    "unit": "Minutes",
                    "price": [
                        {
                            "unitQuantity": "1000",
                            "tier_model": "Granular Tier",
                            "price": 16,
                            "quantity_tier": "1"
                        }
                    ],
                    "additional_properties": {},
                    "quantity": 0,
                    "cost": 0,
                    "rated_cost": 0,
                    "rateable_quantity": 0,
                    "discounts": [],
                    "volume_discount": 0,
                    "volume_cost": 0
                }
            ],
            "currency_rate": 1,
            "tags": [
                "schematics:us-south.workspace.projects-service.6c0bf1bb"
            ],
            "service_tags": [
                "project::config_id:5ce020a8-38bd-4b68-9af1-88536e0c3c56",
                "project::da_locator:884b33b6-e6c0-49d6-a4ee-1228f863065b.579c3ba2-9252-482d-a300-1a2e0e1616d2",
                "project::project_id:724d4d5d-9bc8-4707-9493-831a83c98adc"
            ]
        },
        {
            "account_id": "6a9b18b8d05a4b6392a8c9ef9a064505",
            "resource_instance_id": "crn:v1:bluemix:public:is:us-south:a/6a9b18b8d05a4b6392a8c9ef9a064505::endpoint-gateway:r006-a376e092-44dd-4dfc-bee2-baf98fa21b5f",
            "resource_group_id": "81d9c29cde264a6ebabc9ee0acc1d2ec",
            "month": "2025-01",
            "pricing_country": "USA",
            "billing_country": "USA",
            "currency_code": "USD",
            "plan_id": "0dbb9b85-89fa-44f6-ae82-d6a01e3a5ac1",
            "consumer_id": "crn:v1:bluemix:public:is:us-south:a/6a9b18b8d05a4b6392a8c9ef9a064505::vpc:r006-770c64e4-0f32-434e-8d0d-b7725c328cc8",
            "resource_id": "is.endpoint-gateway",
            "billable": true,
            "pricing_plan_id": "billable:v4:0dbb9b85-89fa-44f6-ae82-d6a01e3a5ac1:us-south:1483228800000:",
            "pricing_region": "us-south",
            "region": "us-south",
            "usage": [
                {
                    "metric": "GIGABYTE_TRANSMITTED",
                    "unit": "GIGABYTE_TRANSMITTED",
                    "price": [],
                    "additional_properties": {},
                    "quantity": 4.749686502,
                    "cost": 0,
                    "rated_cost": 0,
                    "rateable_quantity": 4.749686502,
                    "discounts": [],
                    "volume_discount": 0,
                    "volume_cost": 0
                }
            ],
            "currency_rate": 1,
            "tags": [],
            "service_tags": []
        },
        {
            "account_id": "6a9b18b8d05a4b6392a8c9ef9a064505",
            "resource_instance_id": "crn:v1:bluemix:public:is:us-south:a/6a9b18b8d05a4b6392a8c9ef9a064505::endpoint-gateway:r006-a376e092-44dd-4dfc-bee2-baf98fa21b5f",
            "resource_group_id": "81d9c29cde264a6ebabc9ee0acc1d2ec",
            "month": "2025-01",
            "pricing_country": "USA",
            "billing_country": "USA",
            "currency_code": "USD",
            "plan_id": "0dbb9b85-89fa-44f6-ae82-d6a01e3a5ac1",
            "resource_id": "is.endpoint-gateway",
            "billable": true,
            "pricing_plan_id": "billable:v4:0dbb9b85-89fa-44f6-ae82-d6a01e3a5ac1:us-south:1483228800000:",
            "pricing_region": "us-south",
            "region": "us-south",
            "usage": [
                {
                    "metric": "INSTANCE_HOUR",
                    "unit": "INSTANCE_HOUR",
                    "price": [],
                    "additional_properties": {},
                    "quantity": 514.2402775,
                    "cost": 0,
                    "rated_cost": 0,
                    "rateable_quantity": 514.2402775,
                    "discounts": [],
                    "volume_discount": 0,
                    "volume_cost": 0
                }
            ],
            "currency_rate": 1,
            "tags": [],
            "service_tags": []
        },
        {
            "account_id": "6a9b18b8d05a4b6392a8c9ef9a064505",
            "resource_instance_id": "crn:v1:bluemix:public:is:us-south:a/6a9b18b8d05a4b6392a8c9ef9a064505::endpoint-gateway:r006-37a1a536-d10f-4a8a-b09c-ec3099d58cac",
            "resource_group_id": "81d9c29cde264a6ebabc9ee0acc1d2ec",
            "month": "2025-01",
            "pricing_country": "USA",
            "billing_country": "USA",
            "currency_code": "USD",
            "plan_id": "0dbb9b85-89fa-44f6-ae82-d6a01e3a5ac1",
            "resource_id": "is.endpoint-gateway",
            "billable": true,
            "pricing_plan_id": "billable:v4:0dbb9b85-89fa-44f6-ae82-d6a01e3a5ac1:us-south:1483228800000:",
            "pricing_region": "us-south",
            "region": "us-south",
            "usage": [
                {
                    "metric": "INSTANCE_HOUR",
                    "unit": "INSTANCE_HOUR",
                    "price": [],
                    "additional_properties": {},
                    "quantity": 514.2372219444444,
                    "cost": 0,
                    "rated_cost": 0,
                    "rateable_quantity": 514.2372219444444,
                    "discounts": [],
                    "volume_discount": 0,
                    "volume_cost": 0
                }
            ],
            "currency_rate": 1,
            "tags": [],
            "service_tags": []
        },
        {
            "account_id": "6a9b18b8d05a4b6392a8c9ef9a064505",
            "resource_instance_id": "crn:v1:bluemix:public:containers-kubernetes:us-south:a/6a9b18b8d05a4b6392a8c9ef9a064505:cu0i7t7d077eh3n9ftf0:worker:kube-cu0i7t7d077eh3n9ftf0-spsiksclust-default-0000017d",
            "resource_group_id": "81d9c29cde264a6ebabc9ee0acc1d2ec",
            "month": "2025-01",
            "pricing_country": "USA",
            "billing_country": "USA",
            "currency_code": "USD",
            "plan_id": "containers.kubernetes.vpc.gen2",
            "resource_id": "containers-kubernetes",
            "billable": true,
            "pricing_plan_id": "billable:v4:containers.kubernetes.vpc.gen2:us-south:1735689600000:",
            "pricing_region": "us-south",
            "region": "us-south",
            "usage": [
                {
                    "metric": "MEMORY_HOURS",
                    "unit": "GIGABYTE_HOURS",
                    "price": [
                        {
                            "unitQuantity": "496",
                            "tier_model": "Linear Tier",
                            "price": 2.4863685,
                            "quantity_tier": "1"
                        }
                    ],
                    "additional_properties": {},
                    "quantity": 514.0405552777778,
                    "cost": 11.29918800163441,
                    "rated_cost": 25.10930667029869,
                    "rateable_quantity": 514.0405552777778,
                    "discounts": [
                        {
                            "name": "containers.kubernetes.vpc.gen2:part-iks.ram-hours Discount",
                            "display_name": "containers.kubernetes.vpc.gen2:part-iks.ram-hours Discount",
                            "ref": "Discount-1a9a3d2d-175f-4c22-8802-178f712312e2",
                            "discount": 55
                        }
                    ],
                    "volume_discount": 0,
                    "volume_cost": 25.10930667029869
                },
                {
                    "metric": "VCPU_HOURS",
                    "unit": "VIRTUAL_PROCESSOR_CORE_HOURS",
                    "price": [
                        {
                            "unitQuantity": "62",
                            "tier_model": "Simple Tier",
                            "price": 1.95357525,
                            "quantity_tier": "3"
                        },
                        {
                            "unitQuantity": "62",
                            "tier_model": "Simple Tier",
                            "price": 2.397569625,
                            "quantity_tier": "4"
                        },
                        {
                            "unitQuantity": "62",
                            "tier_model": "Simple Tier",
                            "price": 1.95357525,
                            "quantity_tier": "31"
                        },
                        {
                            "unitQuantity": "62",
                            "tier_model": "Simple Tier",
                            "price": 2.042374125,
                            "quantity_tier": "99999"
                        }
                    ],
                    "additional_properties": {},
                    "quantity": 514.0405552777778,
                    "cost": 13.658359122854781,
                    "rated_cost": 30.351909161899513,
                    "rateable_quantity": 514.0405552777778,
                    "discounts": [
                        {
                            "name": "containers.kubernetes.vpc.gen2:part-iks.cpu-hours Discount",
                            "display_name": "containers.kubernetes.vpc.gen2:part-iks.cpu-hours Discount",
                            "ref": "Discount-b891ea08-2a08-4af6-9d74-2e8141a86712",
                            "discount": 55
                        }
                    ],
                    "volume_discount": 0,
                    "volume_cost": 30.351909161899513
                },
                {
                    "metric": "DISK_HOURS",
                    "unit": "DISK_HOURS",
                    "price": [
                        {
                            "unitQuantity": "1",
                            "tier_model": "Linear Tier",
                            "price": 0.0001894376,
                            "quantity_tier": "1"
                        }
                    ],
                    "additional_properties": {},
                    "quantity": 514.0405552777778,
                    "cost": 4.382037409252031,
                    "rated_cost": 9.737860909448957,
                    "rateable_quantity": 514.0405552777778,
                    "discounts": [
                        {
                            "name": "containers.kubernetes.vpc.gen2:part-iks.disk Discount",
                            "display_name": "containers.kubernetes.vpc.gen2:part-iks.disk Discount",
                            "ref": "Discount-e2277ca8-fae7-4a7c-ad1b-2120d31a91de",
                            "discount": 55
                        }
                    ],
                    "volume_discount": 0,
                    "volume_cost": 9.737860909448957
                }
            ],
            "currency_rate": 1,
            "tags": [
                "schematics:us-south.workspace.projects-service.8caab6c6"
            ],
            "service_tags": [
                "project::config_id:cc7cee24-aad6-4145-830e-473a8e28e66a",
                "project::da_locator:884b33b6-e6c0-49d6-a4ee-1228f863065b.24b91930-81c7-432e-845c-10b571af3a70",
                "project::project_id:724d4d5d-9bc8-4707-9493-831a83c98adc"
            ]
        },
        {
            "account_id": "6a9b18b8d05a4b6392a8c9ef9a064505",
            "resource_instance_id": "crn:v1:bluemix:public:is:us-south:a/6a9b18b8d05a4b6392a8c9ef9a064505::endpoint-gateway:r006-b81a80a9-7989-475f-bcff-fad2fe134a47",
            "resource_group_id": "81d9c29cde264a6ebabc9ee0acc1d2ec",
            "month": "2025-01",
            "pricing_country": "USA",
            "billing_country": "USA",
            "currency_code": "USD",
            "plan_id": "0dbb9b85-89fa-44f6-ae82-d6a01e3a5ac1",
            "resource_id": "is.endpoint-gateway",
            "billable": true,
            "pricing_plan_id": "billable:v4:0dbb9b85-89fa-44f6-ae82-d6a01e3a5ac1:us-south:1483228800000:",
            "pricing_region": "us-south",
            "region": "us-south",
            "usage": [
                {
                    "metric": "INSTANCE_HOUR",
                    "unit": "INSTANCE_HOUR",
                    "price": [],
                    "additional_properties": {},
                    "quantity": 514.2380552777778,
                    "cost": 0,
                    "rated_cost": 0,
                    "rateable_quantity": 514.2380552777778,
                    "discounts": [],
                    "volume_discount": 0,
                    "volume_cost": 0
                }
            ],
            "currency_rate": 1,
            "tags": [],
            "service_tags": []
        },
        {
            "account_id": "6a9b18b8d05a4b6392a8c9ef9a064505",
            "resource_instance_id": "crn:v1:bluemix:public:is:us-south:a/6a9b18b8d05a4b6392a8c9ef9a064505::endpoint-gateway:r006-94aa3f73-0373-41af-8148-0bc348615a56",
            "resource_group_id": "81d9c29cde264a6ebabc9ee0acc1d2ec",
            "month": "2025-01",
            "pricing_country": "USA",
            "billing_country": "USA",
            "currency_code": "USD",
            "plan_id": "0dbb9b85-89fa-44f6-ae82-d6a01e3a5ac1",
            "resource_id": "is.endpoint-gateway",
            "billable": true,
            "pricing_plan_id": "billable:v4:0dbb9b85-89fa-44f6-ae82-d6a01e3a5ac1:us-south:1483228800000:",
            "pricing_region": "us-south",
            "region": "us-south",
            "usage": [
                {
                    "metric": "INSTANCE_HOUR",
                    "unit": "INSTANCE_HOUR",
                    "price": [],
                    "additional_properties": {},
                    "quantity": 514.2391663888889,
                    "cost": 0,
                    "rated_cost": 0,
                    "rateable_quantity": 514.2391663888889,
                    "discounts": [],
                    "volume_discount": 0,
                    "volume_cost": 0
                }
            ],
            "currency_rate": 1,
            "tags": [],
            "service_tags": []
        },
        {
            "account_id": "6a9b18b8d05a4b6392a8c9ef9a064505",
            "resource_instance_id": "crn:v1:bluemix:public:is:us-south:a/6a9b18b8d05a4b6392a8c9ef9a064505::endpoint-gateway:r006-8c64702c-bf5e-4fae-a846-b2eef7201009",
            "resource_group_id": "81d9c29cde264a6ebabc9ee0acc1d2ec",
            "month": "2025-01",
            "pricing_country": "USA",
            "billing_country": "USA",
            "currency_code": "USD",
            "plan_id": "0dbb9b85-89fa-44f6-ae82-d6a01e3a5ac1",
            "consumer_id": "crn:v1:bluemix:public:is:us-south:a/6a9b18b8d05a4b6392a8c9ef9a064505::vpc:r006-770c64e4-0f32-434e-8d0d-b7725c328cc8",
            "resource_id": "is.endpoint-gateway",
            "billable": true,
            "pricing_plan_id": "billable:v4:0dbb9b85-89fa-44f6-ae82-d6a01e3a5ac1:us-south:1483228800000:",
            "pricing_region": "us-south",
            "region": "us-south",
            "usage": [
                {
                    "metric": "GIGABYTE_TRANSMITTED",
                    "unit": "GIGABYTE_TRANSMITTED",
                    "price": [],
                    "additional_properties": {},
                    "quantity": 46.315155831,
                    "cost": 0,
                    "rated_cost": 0,
                    "rateable_quantity": 46.315155831,
                    "discounts": [],
                    "volume_discount": 0,
                    "volume_cost": 0
                }
            ],
            "currency_rate": 1,
            "tags": [],
            "service_tags": []
        },
        {
            "account_id": "6a9b18b8d05a4b6392a8c9ef9a064505",
            "resource_instance_id": "crn:v1:bluemix:public:is:us-south:a/6a9b18b8d05a4b6392a8c9ef9a064505::endpoint-gateway:r006-8c64702c-bf5e-4fae-a846-b2eef7201009",
            "resource_group_id": "81d9c29cde264a6ebabc9ee0acc1d2ec",
            "month": "2025-01",
            "pricing_country": "USA",
            "billing_country": "USA",
            "currency_code": "USD",
            "plan_id": "0dbb9b85-89fa-44f6-ae82-d6a01e3a5ac1",
            "resource_id": "is.endpoint-gateway",
            "billable": true,
            "pricing_plan_id": "billable:v4:0dbb9b85-89fa-44f6-ae82-d6a01e3a5ac1:us-south:1483228800000:",
            "pricing_region": "us-south",
            "region": "us-south",
            "usage": [
                {
                    "metric": "INSTANCE_HOUR",
                    "unit": "INSTANCE_HOUR",
                    "price": [],
                    "additional_properties": {},
                    "quantity": 514.0780552777778,
                    "cost": 0,
                    "rated_cost": 0,
                    "rateable_quantity": 514.0780552777778,
                    "discounts": [],
                    "volume_discount": 0,
                    "volume_cost": 0
                }
            ],
            "currency_rate": 1,
            "tags": [],
            "service_tags": []
        },
        {
            "account_id": "6a9b18b8d05a4b6392a8c9ef9a064505",
            "resource_instance_id": "crn:v1:bluemix:public:containers-kubernetes:us-south:a/6a9b18b8d05a4b6392a8c9ef9a064505:cu0i7t7d077eh3n9ftf0:worker:kube-cu0i7t7d077eh3n9ftf0-spsiksclust-default-000002c0",
            "resource_group_id": "81d9c29cde264a6ebabc9ee0acc1d2ec",
            "month": "2025-01",
            "pricing_country": "USA",
            "billing_country": "USA",
            "currency_code": "USD",
            "plan_id": "containers.kubernetes.vpc.gen2",
            "resource_id": "containers-kubernetes",
            "billable": true,
            "pricing_plan_id": "billable:v4:containers.kubernetes.vpc.gen2:us-south:1735689600000:",
            "pricing_region": "us-south",
            "region": "us-south",
            "usage": [
                {
                    "metric": "MEMORY_HOURS",
                    "unit": "GIGABYTE_HOURS",
                    "price": [
                        {
                            "unitQuantity": "496",
                            "tier_model": "Linear Tier",
                            "price": 2.4863685,
                            "quantity_tier": "1"
                        }
                    ],
                    "additional_properties": {},
                    "quantity": 514.0408330555556,
                    "cost": 11.2991935408223,
                    "rated_cost": 25.10931897960511,
                    "rateable_quantity": 514.0408330555556,
                    "discounts": [
                        {
                            "name": "containers.kubernetes.vpc.gen2:part-iks.ram-hours Discount",
                            "display_name": "containers.kubernetes.vpc.gen2:part-iks.ram-hours Discount",
                            "ref": "Discount-1a9a3d2d-175f-4c22-8802-178f712312e2",
                            "discount": 55
                        }
                    ],
                    "volume_discount": 0,
                    "volume_cost": 25.10931897960511
                },
                {
                    "metric": "VCPU_HOURS",
                    "unit": "VIRTUAL_PROCESSOR_CORE_HOURS",
                    "price": [
                        {
                            "unitQuantity": "62",
                            "tier_model": "Simple Tier",
                            "price": 1.95357525,
                            "quantity_tier": "3"
                        },
                        {
                            "unitQuantity": "62",
                            "tier_model": "Simple Tier",
                            "price": 2.397569625,
                            "quantity_tier": "4"
                        },
                        {
                            "unitQuantity": "62",
                            "tier_model": "Simple Tier",
                            "price": 1.95357525,
                            "quantity_tier": "31"
                        },
                        {
                            "unitQuantity": "62",
                            "tier_model": "Simple Tier",
                            "price": 2.042374125,
                            "quantity_tier": "99999"
                        }
                    ],
                    "additional_properties": {},
                    "quantity": 514.0408330555556,
                    "cost": 13.658365818576405,
                    "rated_cost": 30.3519240412809,
                    "rateable_quantity": 514.0408330555556,
                    "discounts": [
                        {
                            "name": "containers.kubernetes.vpc.gen2:part-iks.cpu-hours Discount",
                            "display_name": "containers.kubernetes.vpc.gen2:part-iks.cpu-hours Discount",
                            "ref": "Discount-b891ea08-2a08-4af6-9d74-2e8141a86712",
                            "discount": 55
                        }
                    ],
                    "volume_discount": 0,
                    "volume_cost": 30.3519240412809
                },
                {
                    "metric": "DISK_HOURS",
                    "unit": "DISK_HOURS",
                    "price": [
                        {
                            "unitQuantity": "1",
                            "tier_model": "Linear Tier",
                            "price": 0.0001894376,
                            "quantity_tier": "1"
                        }
                    ],
                    "additional_properties": {},
                    "quantity": 514.0408330555556,
                    "cost": 4.3820397772220305,
                    "rated_cost": 9.737866171604512,
                    "rateable_quantity": 514.0408330555556,
                    "discounts": [
                        {
                            "name": "containers.kubernetes.vpc.gen2:part-iks.disk Discount",
                            "display_name": "containers.kubernetes.vpc.gen2:part-iks.disk Discount",
                            "ref": "Discount-e2277ca8-fae7-4a7c-ad1b-2120d31a91de",
                            "discount": 55
                        }
                    ],
                    "volume_discount": 0,
                    "volume_cost": 9.737866171604512
                }
            ],
            "currency_rate": 1,
            "tags": [
                "schematics:us-south.workspace.projects-service.8caab6c6"
            ],
            "service_tags": [
                "project::config_id:cc7cee24-aad6-4145-830e-473a8e28e66a",
                "project::da_locator:884b33b6-e6c0-49d6-a4ee-1228f863065b.24b91930-81c7-432e-845c-10b571af3a70",
                "project::project_id:724d4d5d-9bc8-4707-9493-831a83c98adc"
            ]
        },
        {
            "account_id": "6a9b18b8d05a4b6392a8c9ef9a064505",
            "resource_instance_id": "crn:v1:bluemix:public:secrets-manager:us-south:a/6a9b18b8d05a4b6392a8c9ef9a064505:b4fc7484-5e05-41a3-a3bd-bcb72f6fc466::",
            "resource_group_id": "81d9c29cde264a6ebabc9ee0acc1d2ec",
            "month": "2025-01",
            "pricing_country": "USA",
            "billing_country": "USA",
            "currency_code": "USD",
            "plan_id": "7713c3a8-3be8-4a9a-81bb-ee822fcaac3d",
            "resource_id": "ebc0cdb0-af2a-11ea-98c7-29e5db822649",
            "billable": true,
            "pricing_plan_id": "billable:v4:7713c3a8-3be8-4a9a-81bb-ee822fcaac3d:us-south:1735689600000:",
            "pricing_region": "us-south",
            "region": "us-south",
            "usage": [
                {
                    "metric": "INSTANCES",
                    "unit": "INSTANCE",
                    "price": [
                        {
                            "unitQuantity": "1",
                            "tier_model": "Granular Tier",
                            "price": 321,
                            "quantity_tier": "1"
                        }
                    ],
                    "additional_properties": {},
                    "quantity": 1,
                    "cost": 148.0741935483871,
                    "rated_cost": 227.80645161290323,
                    "rateable_quantity": 22,
                    "discounts": [
                        {
                            "name": "Discount for all Infrastructure and Platform Services",
                            "display_name": "Discount for all Infrastructure and Platform Services",
                            "ref": "Discount-cb910aa9-883f-44cb-a4f7-21deb14a6356",
                            "discount": 35
                        }
                    ],
                    "volume_discount": 0,
                    "volume_cost": 227.80645161290323
                },
                {
                    "metric": "ACTIVE_SECRETS",
                    "unit": "ACTIVE_SECRETS",
                    "price": [
                        {
                            "unitQuantity": "10",
                            "tier_model": "Granular Tier",
                            "price": 2.15,
                            "quantity_tier": "1"
                        }
                    ],
                    "additional_properties": {},
                    "quantity": 12,
                    "cost": 1.677,
                    "rated_cost": 2.58,
                    "rateable_quantity": 12,
                    "discounts": [
                        {
                            "name": "Discount for all Infrastructure and Platform Services",
                            "display_name": "Discount for all Infrastructure and Platform Services",
                            "ref": "Discount-cb910aa9-883f-44cb-a4f7-21deb14a6356",
                            "discount": 35
                        }
                    ],
                    "volume_discount": 0,
                    "volume_cost": 2.58
                }
            ],
            "currency_rate": 1,
            "tags": [
                "schematics:us-south.workspace.projects-service.6c0bf1bb"
            ],
            "service_tags": [
                "project::config_id:cc7cee24-aad6-4145-830e-473a8e28e66a",
                "project::da_locator:884b33b6-e6c0-49d6-a4ee-1228f863065b.24b91930-81c7-432e-845c-10b571af3a70",
                "project::project_id:724d4d5d-9bc8-4707-9493-831a83c98adc"
            ]
        },
        {
            "account_id": "6a9b18b8d05a4b6392a8c9ef9a064505",
            "resource_instance_id": "crn:v1:bluemix:public:is:us-south:a/6a9b18b8d05a4b6392a8c9ef9a064505::endpoint-gateway:r006-ecbef088-934f-4e13-8063-617c0207848d",
            "resource_group_id": "81d9c29cde264a6ebabc9ee0acc1d2ec",
            "month": "2025-01",
            "pricing_country": "USA",
            "billing_country": "USA",
            "currency_code": "USD",
            "plan_id": "0dbb9b85-89fa-44f6-ae82-d6a01e3a5ac1",
            "resource_id": "is.endpoint-gateway",
            "billable": true,
            "pricing_plan_id": "billable:v4:0dbb9b85-89fa-44f6-ae82-d6a01e3a5ac1:us-south:1483228800000:",
            "pricing_region": "us-south",
            "region": "us-south",
            "usage": [
                {
                    "metric": "INSTANCE_HOUR",
                    "unit": "INSTANCE_HOUR",
                    "price": [],
                    "additional_properties": {},
                    "quantity": 514.2361108333333,
                    "cost": 0,
                    "rated_cost": 0,
                    "rateable_quantity": 514.2361108333333,
                    "discounts": [],
                    "volume_discount": 0,
                    "volume_cost": 0
                }
            ],
            "currency_rate": 1,
            "tags": [],
            "service_tags": []
        },
        {
            "account_id": "6a9b18b8d05a4b6392a8c9ef9a064505",
            "resource_instance_id": "crn:v1:bluemix:public:is:us-south:a/6a9b18b8d05a4b6392a8c9ef9a064505::vpc:r006-770c64e4-0f32-434e-8d0d-b7725c328cc8",
            "resource_group_id": "81d9c29cde264a6ebabc9ee0acc1d2ec",
            "month": "2025-01",
            "pricing_country": "USA",
            "billing_country": "USA",
            "currency_code": "USD",
            "plan_id": "5c6f17b8-1be9-4ae8-a328-afbfe41b02f8",
            "consumer_id": "crn:v1:bluemix:public:is:us-south:a/6a9b18b8d05a4b6392a8c9ef9a064505::load-balancer:instance-736-ff2e6614ce1a",
            "resource_id": "is.vpc",
            "billable": true,
            "pricing_plan_id": "billable:v4:5c6f17b8-1be9-4ae8-a328-afbfe41b02f8:us-south:1735689600000:",
            "pricing_region": "us-south",
            "region": "us-south",
            "usage": [
                {
                    "metric": "GIGABYTE_TRANSMITTED_OUTBOUNDS",
                    "unit": "GIGABYTE_TRANSMITTED_OUTBOUND",
                    "price": [
                        {
                            "unitQuantity": "1",
                            "tier_model": "Graduated Tier (Step Tier)",
                            "price": 0.090915,
                            "quantity_tier": "9995"
                        },
                        {
                            "unitQuantity": "1",
                            "tier_model": "Graduated Tier (Step Tier)",
                            "price": 0.086735,
                            "quantity_tier": "49995"
                        },
                        {
                            "unitQuantity": "1",
                            "tier_model": "Graduated Tier (Step Tier)",
                            "price": 0.07315,
                            "quantity_tier": "149995"
                        },
                        {
                            "unitQuantity": "1",
                            "tier_model": "Graduated Tier (Step Tier)",
                            "price": 0.05225,
                            "quantity_tier": "99999999999999"
                        }
                    ],
                    "additional_properties": {},
                    "quantity": 1.152570179,
                    "cost": 0,
                    "rated_cost": 0.18183,
                    "rateable_quantity": 2,
                    "discounts": [
                        {
                            "name": "is.vpc Discount",
                            "display_name": "is.vpc Discount",
                            "ref": "Discount-743c7f71-4c12-4e55-a8ac-c2799a5dfe34",
                            "discount": 70
                        }
                    ],
                    "volume_cost": 0,
                    "volume_discount": 100
                }
            ],
            "currency_rate": 1,
            "tags": [
                "schematics:us-south.workspace.projects-service.8caab6c6"
            ],
            "service_tags": [
                "project::config_id:cc7cee24-aad6-4145-830e-473a8e28e66a",
                "project::da_locator:884b33b6-e6c0-49d6-a4ee-1228f863065b.24b91930-81c7-432e-845c-10b571af3a70",
                "project::project_id:724d4d5d-9bc8-4707-9493-831a83c98adc"
            ]
        },
        {
            "account_id": "6a9b18b8d05a4b6392a8c9ef9a064505",
            "resource_instance_id": "crn:v1:bluemix:public:is:us-south:a/6a9b18b8d05a4b6392a8c9ef9a064505::vpc:r006-770c64e4-0f32-434e-8d0d-b7725c328cc8",
            "resource_group_id": "81d9c29cde264a6ebabc9ee0acc1d2ec",
            "month": "2025-01",
            "pricing_country": "USA",
            "billing_country": "USA",
            "currency_code": "USD",
            "plan_id": "5c6f17b8-1be9-4ae8-a328-afbfe41b02f8",
            "consumer_id": "crn:v1:bluemix:public:is:us-south:a/6a9b18b8d05a4b6392a8c9ef9a064505::load-balancer:instance-29b-27288f72f7bd",
            "resource_id": "is.vpc",
            "billable": true,
            "pricing_plan_id": "billable:v4:5c6f17b8-1be9-4ae8-a328-afbfe41b02f8:us-south:1735689600000:",
            "pricing_region": "us-south",
            "region": "us-south",
            "usage": [
                {
                    "metric": "GIGABYTE_TRANSMITTED_OUTBOUNDS",
                    "unit": "GIGABYTE_TRANSMITTED_OUTBOUND",
                    "price": [
                        {
                            "unitQuantity": "1",
                            "tier_model": "Graduated Tier (Step Tier)",
                            "price": 0.090915,
                            "quantity_tier": "9995"
                        },
                        {
                            "unitQuantity": "1",
                            "tier_model": "Graduated Tier (Step Tier)",
                            "price": 0.086735,
                            "quantity_tier": "49995"
                        },
                        {
                            "unitQuantity": "1",
                            "tier_model": "Graduated Tier (Step Tier)",
                            "price": 0.07315,
                            "quantity_tier": "149995"
                        },
                        {
                            "unitQuantity": "1",
                            "tier_model": "Graduated Tier (Step Tier)",
                            "price": 0.05225,
                            "quantity_tier": "99999999999999"
                        }
                    ],
                    "additional_properties": {},
                    "quantity": 0.871193968,
                    "cost": 0,
                    "rated_cost": 0.090915,
                    "rateable_quantity": 1,
                    "discounts": [
                        {
                            "name": "is.vpc Discount",
                            "display_name": "is.vpc Discount",
                            "ref": "Discount-743c7f71-4c12-4e55-a8ac-c2799a5dfe34",
                            "discount": 70
                        }
                    ],
                    "volume_cost": 0,
                    "volume_discount": 100
                }
            ],
            "currency_rate": 1,
            "tags": [
                "schematics:us-south.workspace.projects-service.8caab6c6"
            ],
            "service_tags": [
                "project::config_id:cc7cee24-aad6-4145-830e-473a8e28e66a",
                "project::da_locator:884b33b6-e6c0-49d6-a4ee-1228f863065b.24b91930-81c7-432e-845c-10b571af3a70",
                "project::project_id:724d4d5d-9bc8-4707-9493-831a83c98adc"
            ]
        },
        {
            "account_id": "6a9b18b8d05a4b6392a8c9ef9a064505",
            "resource_instance_id": "crn:v1:bluemix:public:cloud-object-storage:global:a/6a9b18b8d05a4b6392a8c9ef9a064505:7422fcd4-cca0-469e-96e5-ec759625c976::",
            "resource_group_id": "81d9c29cde264a6ebabc9ee0acc1d2ec",
            "month": "2025-01",
            "pricing_country": "USA",
            "billing_country": "USA",
            "currency_code": "USD",
            "plan_id": "744bfc56-d12c-4866-88d5-dac9139e0e5d",
            "resource_id": "dff97f5c-bc5e-4455-b470-411c3edbe49c",
            "billable": true,
            "pricing_plan_id": "billable:v4:744bfc56-d12c-4866-88d5-dac9139e0e5d:us-south:1735689600000:",
            "pricing_region": "us-south",
            "region": "us-south",
            "usage": [
                {
                    "metric": "SMART_TIER_BANDWIDTH",
                    "unit": "GIGABYTE",
                    "price": [
                        {
                            "unitQuantity": "1",
                            "tier_model": "Graduated Tier (Step Tier)",
                            "price": 0.09,
                            "quantity_tier": "50000"
                        },
                        {
                            "unitQuantity": "1",
                            "tier_model": "Graduated Tier (Step Tier)",
                            "price": 0.07,
                            "quantity_tier": "150000"
                        },
                        {
                            "unitQuantity": "1",
                            "tier_model": "Graduated Tier (Step Tier)",
                            "price": 0.05,
                            "quantity_tier": "999999999"
                        }
                    ],
                    "additional_properties": {},
                    "quantity": 9.88785177469253e-06,
                    "cost": 0,
                    "rated_cost": 8.899066597223277e-07,
                    "rateable_quantity": 9.88785177469253e-06,
                    "discounts": [
                        {
                            "name": "dff97f5c-bc5e-4455-b470-411c3edbe49c Discount",
                            "display_name": "dff97f5c-bc5e-4455-b470-411c3edbe49c Discount",
                            "ref": "Discount-686cf14a-2da5-476f-8cd9-5d4070116381",
                            "discount": 55
                        }
                    ],
                    "volume_cost": 0,
                    "volume_discount": 100
                },
                {
                    "metric": "SMART_TIER_HOT_STORAGE",
                    "unit": "GIGABYTE",
                    "price": [
                        {
                            "unitQuantity": "1",
                            "tier_model": "Linear Tier",
                            "price": 0.0219,
                            "quantity_tier": "1"
                        }
                    ],
                    "additional_properties": {},
                    "quantity": 0.0004830936117658531,
                    "cost": 0,
                    "rated_cost": 1.0579750097672182e-05,
                    "rateable_quantity": 0.0004830936117658531,
                    "discounts": [
                        {
                            "name": "dff97f5c-bc5e-4455-b470-411c3edbe49c Discount",
                            "display_name": "dff97f5c-bc5e-4455-b470-411c3edbe49c Discount",
                            "ref": "Discount-686cf14a-2da5-476f-8cd9-5d4070116381",
                            "discount": 55
                        }
                    ],
                    "volume_cost": 0,
                    "volume_discount": 100
                },
                {
                    "metric": "SMART_TIER_COOL_STORAGE",
                    "unit": "GIGABYTE",
                    "price": [
                        {
                            "unitQuantity": "1",
                            "tier_model": "Linear Tier",
                            "price": 0.0125,
                            "quantity_tier": "1"
                        }
                    ],
                    "additional_properties": {},
                    "quantity": 0,
                    "cost": 0,
                    "rated_cost": 0,
                    "rateable_quantity": 0,
                    "discounts": [],
                    "volume_discount": 0,
                    "volume_cost": 0
                },
                {
                    "metric": "SMART_TIER_COLD_STORAGE",
                    "unit": "GIGABYTE",
                    "price": [
                        {
                            "unitQuantity": "1",
                            "tier_model": "Linear Tier",
                            "price": 0.0078,
                            "quantity_tier": "1"
                        }
                    ],
                    "additional_properties": {},
                    "quantity": 0,
                    "cost": 0,
                    "rated_cost": 0,
                    "rateable_quantity": 0,
                    "discounts": [],
                    "volume_discount": 0,
                    "volume_cost": 0
                },
                {
                    "metric": "SMART_TIER_CLASS_A_CALLS",
                    "unit": "API_CALLS",
                    "price": [
                        {
                            "unitQuantity": "1000",
                            "tier_model": "Simple Tier",
                            "price": 0.005225,
                            "quantity_tier": "1"
                        }
                    ],
                    "additional_properties": {},
                    "quantity": 117,
                    "cost": 0.00027509625,
                    "rated_cost": 0.000611325,
                    "rateable_quantity": 117,
                    "discounts": [
                        {
                            "name": "dff97f5c-bc5e-4455-b470-411c3edbe49c Discount",
                            "display_name": "dff97f5c-bc5e-4455-b470-411c3edbe49c Discount",
                            "ref": "Discount-686cf14a-2da5-476f-8cd9-5d4070116381",
                            "discount": 55
                        }
                    ],
                    "volume_discount": 0,
                    "volume_cost": 0.000611325
                },
                {
                    "metric": "SMART_TIER_CLASS_B_CALLS",
                    "unit": "API_CALLS",
                    "price": [
                        {
                            "unitQuantity": "10000",
                            "tier_model": "Simple Tier",
                            "price": 0.005225,
                            "quantity_tier": "1"
                        }
                    ],
                    "additional_properties": {},
                    "quantity": 204,
                    "cost": 4.79655e-05,
                    "rated_cost": 0.00010659,
                    "rateable_quantity": 204,
                    "discounts": [
                        {
                            "name": "dff97f5c-bc5e-4455-b470-411c3edbe49c Discount",
                            "display_name": "dff97f5c-bc5e-4455-b470-411c3edbe49c Discount",
                            "ref": "Discount-686cf14a-2da5-476f-8cd9-5d4070116381",
                            "discount": 55
                        }
                    ],
                    "volume_discount": 0,
                    "volume_cost": 0.00010659
                },
                {
                    "metric": "SMART_TIER_RETRIEVAL",
                    "unit": "GIGABYTE",
                    "price": [],
                    "additional_properties": {},
                    "quantity": 5.451496690511703e-05,
                    "cost": 0,
                    "rated_cost": 0,
                    "rateable_quantity": 5.451496690511703e-05,
                    "discounts": [],
                    "volume_discount": 0,
                    "volume_cost": 0
                }
            ],
            "currency_rate": 1,
            "tags": [
                "schematics:us-south.workspace.projects-service.6c0bf1bb"
            ],
            "service_tags": [
                "project::config_id:cc7cee24-aad6-4145-830e-473a8e28e66a",
                "project::da_locator:884b33b6-e6c0-49d6-a4ee-1228f863065b.24b91930-81c7-432e-845c-10b571af3a70",
                "project::project_id:724d4d5d-9bc8-4707-9493-831a83c98adc"
            ]
        }
    ]
}