{
    "pricing_country": "USA",
    "currency_code": "USD",
    "resources": [
        {
            "resource_id": "dff97f5c-bc5e-4455-b470-411c3edbe49c",
            "billable_cost": 0,
            "non_billable_cost": 0.003452381490945816,
            "plans": [
                {
                    "plan_id": "744bfc56-d12c-4866-88d5-dac9139e0e5d",
                    "billable": false,
                    "pricing_region": "us",
                    "cost": 0.003452381490945816,
                    "usage": [
                        {
                            "metric": "STANDARD_STORAGE",
                            "unit": "GIGABYTE",
                            "price": [
                                {
                                    "unitQuantity": "1",
                                    "tier_model": "Step Tier",
                                    "price": 0.03,
                                    "quantity_tier": "499999"
                                },
                                {
                                    "unitQuantity": "1",
                                    "tier_model": "Step Tier",
                                    "price": 0.026,
                                    "quantity_tier": "999999999"
                                }
                            ],
                            "quantity": 0,
                            "rateable_quantity": 0,
                            "cost": 0
                        },
                        {
                            "metric": "VAULT_STORAGE",
                            "unit": "GIGABYTE",
                            "price": [
                                {
                                    "unitQuantity": "1",
                                    "tier_model": "Step Tier",
                                    "price": 0.02,
                                    "quantity_tier": "499999"
                                },
                                {
                                    "unitQuantity": "1",
                                    "tier_model": "Step Tier",
                                    "price": 0.018,
                                    "quantity_tier": "999999999"
                                }
                            ],
                            "quantity": 0.16923565417528152,
                            "rateable_quantity": 0.16923565417528152,
                            "cost": 0.0033847130835056305
                        },
                        {
                            "metric": "COLD_VAULT_STORAGE",
                            "unit": "GIGABYTE",
                            "price": [
                                {
                                    "unitQuantity": "1",
                                    "tier_model": "Step Tier",
                                    "price": 0.011,
                                    "quantity_tier": "499999"
                                },
                                {
                                    "unitQuantity": "1",
                                    "tier_model": "Step Tier",
                                    "price": 0.011,
                                    "quantity_tier": "999999999"
                                }
                            ],
                            "quantity": 0,
                            "rateable_quantity": 0,
                            "cost": 0
                        },
                        {
                            "metric": "FLEX_STORAGE",
                            "unit": "GIGABYTE",
                            "price": [
                                {
                                    "unitQuantity": "1",
                                    "tier_model": "Step Tier",
                                    "price": 0.014,
                                    "quantity_tier": "499999"
                                },
                                {
                                    "unitQuantity": "1",
                                    "tier_model": "Step Tier",
                                    "price": 0.014,
                                    "quantity_tier": "999999999"
                                }
                            ],
                            "quantity": 0.0008602831512689587,
                            "rateable_quantity": 0.0008602831512689587,
                            "cost": 0.000012043964117765422
                        },
                        {
                            "metric": "FLEX_MAX_CAP",
                            "unit": "GIGABYTE",
                            "price": [
                                {
                                    "unitQuantity": "1",
                                    "tier_model": "Granular Tier",
                                    "price": 0.034,
                                    "quantity_tier": "1"
                                }
                            ],
                            "quantity": 0.0008602831512689587,
                            "rateable_quantity": 0.0008602831512689587,
                            "cost": 0.000029249627143144596,
                            "non_chargeable": true
                        },
                        {
                            "metric": "STANDARD_BANDWIDTH",
                            "unit": "GIGABYTE",
                            "price": [
                                {
                                    "unitQuantity": "1",
                                    "tier_model": "Step Tier",
                                    "price": 0.09,
                                    "quantity_tier": "50000"
                                },
                                {
                                    "unitQuantity": "1",
                                    "tier_model": "Step Tier",
                                    "price": 0.07,
                                    "quantity_tier": "150000"
                                },
                                {
                                    "unitQuantity": "1",
                                    "tier_model": "Step Tier",
                                    "price": 0.05,
                                    "quantity_tier": "999999999"
                                }
                            ],
                            "quantity": 0,
                            "rateable_quantity": 0,
                            "cost": 0
                        },
                        {
                            "metric": "VAULT_BANDWIDTH",
                            "unit": "GIGABYTE",
                            "price": [
                                {
                                    "unitQuantity": "1",
                                    "tier_model": "Step Tier",
                                    "price": 0.09,
                                    "quantity_tier": "50000"
                                },
                                {
                                    "unitQuantity": "1",
                                    "tier_model": "Step Tier",
                                    "price": 0.07,
                                    "quantity_tier": "150000"
                                },
                                {
                                    "unitQuantity": "1",
                                    "tier_model": "Step Tier",
                                    "price": 0.05,
                                    "quantity_tier": "999999999"
                                }
                            ],
                            "quantity": 0,
                            "rateable_quantity": 0,
                            "cost": 0
                        },
                        {
                            "metric": "COLD_VAULT_BANDWIDTH",
                            "unit": "GIGABYTE",
                            "price": [
                                {
                                    "unitQuantity": "1",
                                    "tier_model": "Step Tier",
                                    "price": 0.09,
                                    "quantity_tier": "50000"
                                },
                                {
                                    "unitQuantity": "1",
                                    "tier_model": "Step Tier",
                                    "price": 0.07,
                                    "quantity_tier": "150000"
                                },
                                {
                                    "unitQuantity": "1",
                                    "tier_model": "Step Tier",
                                    "price": 0.05,
                                    "quantity_tier": "999999999"
                                }
                            ],
                            "quantity": 0,
                            "rateable_quantity": 0,
                            "cost": 0
                        },
                        {
                            "metric": "FLEX_BANDWIDTH",
                            "unit": "GIGABYTE",
                            "price": [
                                {
                                    "unitQuantity": "1",
                                    "tier_model": "Step Tier",
                                    "price": 0.09,
                                    "quantity_tier": "50000"
                                },
                                {
                                    "unitQuantity": "1",
                                    "tier_model": "Step Tier",
                                    "price": 0.07,
                                    "quantity_tier": "150000"
                                },
                                {
                                    "unitQuantity": "1",
                                    "tier_model": "Step Tier",
                                    "price": 0.05,
                                    "quantity_tier": "999999999"
                                }
                            ],
                            "quantity": 0,
                            "rateable_quantity": 0,
                            "cost": 0
                        },
                        {
                            "metric": "VAULT_RETRIEVAL",
                            "unit": "GIGABYTE",
                            "price": [
                                {
                                    "unitQuantity": "1",
                                    "tier_model": "Granular Tier",
                                    "price": 0.01,
                                    "quantity_tier": "1"
                                }
                            ],
                            "quantity": 0.00001244433224201202,
                            "rateable_quantity": 0.00001244433224201202,
                            "cost": 1.244433224201202e-7
                        },
                        {
                            "metric": "COLD_VAULT_RETRIEVAL",
                            "unit": "GIGABYTE",
                            "price": [
                                {
                                    "unitQuantity": "1",
                                    "tier_model": "Granular Tier",
                                    "price": 0.05,
                                    "quantity_tier": "1"
                                }
                            ],
                            "quantity": 0,
                            "rateable_quantity": 0,
                            "cost": 0
                        },
                        {
                            "metric": "FLEX_RETRIEVAL",
                            "unit": "GIGABYTE",
                            "price": [
                                {
                                    "unitQuantity": "1",
                                    "tier_model": "Granular Tier",
                                    "price": 0.029,
                                    "quantity_tier": "1"
                                }
                            ],
                            "quantity": 0,
                            "rateable_quantity": 0,
                            "cost": 0
                        },
                        {
                            "metric": "STANDARD_CLASS_A_CALLS",
                            "unit": "API_CALLS",
                            "price": [
                                {
                                    "unitQuantity": "1000",
                                    "tier_model": "Granular Tier",
                                    "price": 0.006,
                                    "quantity_tier": "1"
                                }
                            ],
                            "quantity": 3,
                            "rateable_quantity": 3,
                            "cost": 0.000018
                        },
                        {
                            "metric": "VAULT_CLASS_A_CALLS",
                            "unit": "API_CALLS",
                            "price": [
                                {
                                    "unitQuantity": "1000",
                                    "tier_model": "Granular Tier",
                                    "price": 0.0125,
                                    "quantity_tier": "1"
                                }
                            ],
                            "quantity": 3,
                            "rateable_quantity": 3,
                            "cost": 0.0000375
                        },
                        {
                            "metric": "COLD_VAULT_CLASS_A_CALLS",
                            "unit": "API_CALLS",
                            "price": [
                                {
                                    "unitQuantity": "1000",
                                    "tier_model": "Granular Tier",
                                    "price": 0.025,
                                    "quantity_tier": "1"
                                }
                            ],
                            "quantity": 0,
                            "rateable_quantity": 0,
                            "cost": 0
                        },
                        {
                            "metric": "FLEX_CLASS_A_CALLS",
                            "unit": "API_CALLS",
                            "price": [
                                {
                                    "unitQuantity": "1000",
                                    "tier_model": "Granular Tier",
                                    "price": 0.01,
                                    "quantity_tier": "1"
                                }
                            ],
                            "quantity": 0,
                            "rateable_quantity": 0,
                            "cost": 0
                        },
                        {
                            "metric": "STANDARD_CLASS_B_CALLS",
                            "unit": "API_CALLS",
                            "price": [
                                {
                                    "unitQuantity": "10000",
                                    "tier_model": "Granular Tier",
                                    "price": 0.005,
                                    "quantity_tier": "1"
                                }
                            ],
                            "quantity": 0,
                            "rateable_quantity": 0,
                            "cost": 0
                        },
                        {
                            "metric": "VAULT_CLASS_B_CALLS",
                            "unit": "API_CALLS",
                            "price": [
                                {
                                    "unitQuantity": "10000",
                                    "tier_model": "Granular Tier",
                                    "price": 0.0125,
                                    "quantity_tier": "1"
                                }
                            ],
                            "quantity": 0,
                            "rateable_quantity": 0,
                            "cost": 0
                        },
                        {
                            "metric": "COLD_VAULT_CLASS_B_CALLS",
                            "unit": "API_CALLS",
                            "price": [
                                {
                                    "unitQuantity": "10000",
                                    "tier_model": "Granular Tier",
                                    "price": 0.025,
                                    "quantity_tier": "1"
                                }
                            ],
                            "quantity": 0,
                            "rateable_quantity": 0,
                            "cost": 0
                        },
                        {
                            "metric": "FLEX_CLASS_B_CALLS",
                            "unit": "API_CALLS",
                            "price": [
                                {
                                    "unitQuantity": "10000",
                                    "tier_model": "Granular Tier",
                                    "price": 0.01,
                                    "quantity_tier": "1"
                                }
                            ],
                            "quantity": 0,
                            "rateable_quantity": 0,
                            "cost": 0
                        }
                    ]
                },
                {
                    "plan_id": "2fdf0c08-2d32-4f46-84b5-32e0c92fffd8",
                    "billable": false,
                    "pricing_region": "global",
                    "cost": 0,
                    "usage": [
                        {
                            "metric": "STORAGE",
                            "unit": "GIGABYTE",
                            "price": [],
                            "quantity": 0.0004301415756344795,
                            "rateable_quantity": 0.0004301415756344795,
                            "cost": 0
                        },
                        {
                            "metric": "BANDWIDTH",
                            "unit": "GIGABYTE",
                            "price": [],
                            "quantity": 0,
                            "rateable_quantity": 0,
                            "cost": 0
                        },
                        {
                            "metric": "RETRIEVAL",
                            "unit": "GIGABYTE",
                            "price": [],
                            "quantity": 0,
                            "rateable_quantity": 0,
                            "cost": 0
                        },
                        {
                            "metric": "CLASS_A_CALLS",
                            "unit": "API_CALLS",
                            "price": [],
                            "quantity": 0,
                            "rateable_quantity": 0,
                            "cost": 0
                        },
                        {
                            "metric": "CLASS_B_CALLS",
                            "unit": "API_CALLS",
                            "price": [],
                            "quantity": 0,
                            "rateable_quantity": 0,
                            "cost": 0
                        }
                    ]
                }
            ]
        }
    ],
    "account_id": "b09edf5642ebfad587c594f4d4a354b0",
    "resource_group_id": "bce390f8721e46bdabd4ec34addecb06",
    "month": "2017-09"
  }